date,raw_value,signal
2010-05-27,97754138,0
2010-05-28,81174140,0
2010-05-31,70706462,0
2010-06-01,64579831,0
2010-06-02,38471725,0
2010-06-03,78536420,0
2010-06-04,53392500,0
2010-06-07,47427743,0
2010-06-08,50763304,0
2010-06-09,153613142,0
2010-06-10,56513276,0
2010-06-11,66922538,0
2010-06-17,52463018,0
2010-06-18,77155646,0
2010-06-21,129957860,0
2010-06-22,90069591,0
2010-06-23,88364240,0
2010-06-24,80148723,0
2010-06-25,56851854,0
2010-06-28,82769881,0
2010-06-29,89308646,0
2010-06-30,67581913,0
2010-07-01,61202696,0
2010-07-02,87609881,0
2010-07-05,139826261,1
2010-07-06,112584647,1
2010-07-07,96928236,1
2010-07-08,90880561,1
2010-07-09,194732312,1
2010-07-12,201622048,1
2010-07-13,164717387,1
2010-07-14,145382131,1
2010-07-15,104965611,1
2010-07-16,84317533,1
2010-07-19,138007601,1
2010-07-20,318905885,1
2010-07-21,199877944,1
2010-07-22,141611410,1
2010-07-23,229119522,1
2010-07-26,152422923,1
2010-07-27,142088444,1
2010-07-28,191404926,1
2010-07-29,219577533,1
2010-07-30,182753109,1
2010-08-02,263254258,1
2010-08-03,237731233,1
2010-08-04,217374880,1
2010-08-05,247456994,1
2010-08-06,213703830,1
2010-08-09,194962226,1
2010-08-10,228014529,1
2010-08-11,172654415,1
2010-08-12,150195423,1
2010-08-13,200413118,1
2010-08-16,293037073,1
2010-08-17,241200429,1
2010-08-18,268193226,1
2010-08-19,352044263,1
2010-08-20,244759204,1
2010-08-23,196921672,1
2010-08-24,310930424,1
2010-08-25,237250454,1
2010-08-26,137309816,1
2010-08-27,183203062,1
2010-08-30,288075230,1
2010-08-31,319523232,1
2010-09-01,337958546,1
2010-09-02,305984263,1
2010-09-03,231654078,1
2010-09-06,396763095,1
2010-09-07,250767824,1
2010-09-08,431362701,1
2010-09-09,366592156,1
2010-09-10,264148313,1
2010-09-13,348960602,1
2010-09-14,272999500,1
2010-09-15,268673385,1
2010-09-16,272964143,1
2010-09-17,201160600,1
2010-09-20,198091105,1
2010-09-21,138853715,1
2010-09-27,292267571,1
2010-09-28,259670927,1
2010-09-29,310899342,1
2010-09-30,381622990,1
2010-10-08,651386400,1
2010-10-11,869307639,1
2010-10-12,741401841,1
2010-10-13,940702385,1
2010-10-14,921929132,1
2010-10-15,1209543401,1
2010-10-18,1153690251,1
2010-10-19,853812415,1
2010-10-20,1288349447,1
2010-10-21,747464015,1
2010-10-22,884829760,1
2010-10-25,1263242867,1
2010-10-26,1155866481,1
2010-10-27,1019680046,1
2010-10-28,758106901,1
2010-10-29,875260721,1
2010-11-01,1020925191,1
2010-11-02,1209959833,1
2010-11-03,1049505360,1
2010-11-04,946500966,1
2010-11-05,1280283077,1
2010-11-08,1083174465,1
2010-11-09,1044510519,1
2010-11-10,1130514130,1
2010-11-11,1367169959,1
2010-11-12,1167151752,1
2010-11-15,973299197,1
2010-11-16,762984364,1
2010-11-17,770565904,1
2010-11-18,539254104,-1
2010-11-19,557283632,-1
2010-11-22,770665735,-1
2010-11-23,498945856,-1
2010-11-24,778114094,-1
2010-11-25,871896273,-1
2010-11-26,604586994,-1
2010-11-29,566099086,-1
2010-11-30,671704403,-1
2010-12-01,441844487,-1
2010-12-02,571199110,-1
2010-12-03,520009909,-1
2010-12-06,602146659,-1
2010-12-07,686129394,-1
2010-12-08,659673454,-1
2010-12-09,818801241,-1
2010-12-10,645349500,-1
2010-12-13,1416082707,1
2010-12-14,876913426,1
2010-12-15,909356476,1
2010-12-16,717816341,1
2010-12-17,487371286,1
2010-12-20,705812188,1
2010-12-21,931164646,1
2010-12-22,941952953,1
2010-12-23,676114127,1
2010-12-24,613752012,1
2010-12-27,906472413,1
2010-12-28,648710463,1
2010-12-29,578473709,1
2010-12-30,626322534,1
2010-12-31,890536516,1
2011-01-04,1076247472,1
2011-01-05,1068202210,1
2011-01-06,773302801,1
2011-01-07,988388404,1
2011-01-10,789828175,1
2011-01-11,579084794,1
2011-01-12,644968326,1
2011-01-13,568178213,1
2011-01-14,634280057,1
2011-01-17,709706402,1
2011-01-18,629438629,1
2011-01-19,740068670,1
2011-01-20,718014916,1
2011-01-21,786818437,1
2011-01-24,744682822,1
2011-01-25,538651984,1
2011-01-26,591198181,1
2011-01-27,992605903,1
2011-01-28,660686455,1
2011-01-31,918089621,1
2011-02-01,677657725,1
2011-02-09,789096263,1
2011-02-10,811276118,1
2011-02-11,855164922,1
2011-02-14,1443339829,1
2011-02-15,1335250902,1
2011-02-16,1356448856,1
2011-02-17,1435709678,1
2011-02-18,1094876317,1
2011-02-21,1262328663,1
2011-02-22,1501528932,1
2011-02-23,1039259080,1
2011-02-24,1180796802,1
2011-02-25,1019119286,1
2011-02-28,1236494769,1
2011-03-01,1297238809,1
2011-03-02,1295640483,1
2011-03-03,1456248586,1
2011-03-04,1159078179,1
2011-03-07,2138613209,1
2011-03-08,1502665636,1
2011-03-09,1394950415,1
2011-03-10,1516049019,1
2011-03-11,1185496174,1
2011-03-14,1012059673,1
2011-03-15,1447098973,1
2011-03-16,1413474468,1
2011-03-17,1254665667,1
2011-03-18,1005563214,1
2011-03-21,1097168492,1
2011-03-22,1100506968,1
2011-03-23,1306231589,1
2011-03-24,1102968518,1
2011-03-25,1396910247,1
2011-03-28,1789767038,1
2011-03-29,2064673277,1
2011-03-30,1538848813,1
2011-03-31,1422674890,1
2011-04-01,1330634925,1
2011-04-06,2052926731,1
2011-04-07,1834292504,1
2011-04-08,1581300870,1
2011-04-11,2549488375,1
2011-04-12,2073639463,1
2011-04-13,1899505708,1
2011-04-14,1642690909,1
2011-04-15,1540212345,1
2011-04-18,1775267556,1
2011-04-19,1382186692,1
2011-04-20,1549556088,1
2011-04-21,1319615889,1
2011-04-22,1288266330,1
2011-04-25,1392501107,1
2011-04-26,1009958214,1
2011-04-27,1088163375,1
2011-04-28,1292708802,1
2011-04-29,1004934710,1
2011-05-03,938581201,1
2011-05-04,1141800965,1
2011-05-05,945077714,1
2011-05-06,1002780194,1
2011-05-09,979061923,1
2011-05-10,830052895,1
2011-05-11,749567752,1
2011-05-12,976974834,1
2011-05-13,1194004623,1
2011-05-16,734826722,1
2011-05-17,981833866,1
2011-05-18,813214317,1
2011-05-19,822330684,1
2011-05-20,683971552,1
2011-05-23,909882421,1
2011-05-24,711425157,1
2011-05-25,728975639,1
2011-05-26,630430310,1
2011-05-27,629496689,1
2011-05-30,643931215,1
2011-05-31,972241426,1
2011-06-01,776952555,1
2011-06-02,1137509241,1
2011-06-03,764306751,1
2011-06-07,765963069,1
2011-06-08,943968128,1
2011-06-09,825079677,1
2011-06-10,879847562,1
2011-06-13,728836900,1
2011-06-14,992031047,1
2011-06-15,1139266026,1
2011-06-16,867500421,1
2011-06-17,859862256,1
2011-06-20,1071626634,1
2011-06-21,894332730,1
2011-06-22,776857836,1
2011-06-23,1034081401,1
2011-06-24,1958275576,1
2011-06-27,1585219773,1
2011-06-28,1410989974,1
2011-06-29,1347527491,1
2011-06-30,1738933472,1
2011-07-01,1738937709,1
2011-07-04,2056014524,1
2011-07-05,1603926537,1
2011-07-06,1857689585,1
2011-07-07,1891849317,1
2011-07-08,1407061958,1
2011-07-11,1242061600,1
2011-07-12,1657027366,1
2011-07-13,1435776712,1
2011-07-14,1666476709,1
2011-07-15,1796640391,1
2011-07-18,1583802735,1
2011-07-19,1503088451,1
2011-07-20,1362038805,1
2011-07-21,1315659638,1
2011-07-22,1018616539,-1
2011-07-25,1945142897,-1
2011-07-26,1105544978,-1
2011-07-27,1236779130,-1
2011-07-28,1242856352,-1
2011-07-29,1132274135,-1
2011-08-01,1013027029,-1
2011-08-02,1079408942,-1
2011-08-03,1015928950,-1
2011-08-04,740500645,-1
2011-08-05,1264604606,-1
2011-08-08,1618032019,-1
2011-08-09,1569299893,-1
2011-08-10,1365326620,-1
2011-08-11,1333030768,-1
2011-08-12,1135973628,-1
2011-08-15,1335282714,-1
2011-08-16,1193809042,-1
2011-08-17,916121483,-1
2011-08-18,901707079,-1
2011-08-19,1076059998,-1
2011-08-22,966421648,-1
2011-08-23,872144901,-1
2011-08-24,1024071035,-1
2011-08-25,1738172425,1
2011-08-26,1275135004,1
2011-08-29,1426774384,1
2011-08-30,1415439342,1
2011-08-31,993436937,1
2011-09-01,909312626,1
2011-09-02,855124086,1
2011-09-05,910033813,1
2011-09-06,893833991,1
2011-09-07,989947375,1
2011-09-08,760296099,1
2011-09-09,770702975,1
2011-09-13,805328002,1
2011-09-14,897015084,1
2011-09-15,789538970,1
2011-09-16,744586506,1
2011-09-19,761210141,1
2011-09-20,786391423,1
2011-09-21,1551708169,1
2011-09-22,1591668496,1
2011-09-23,1187674160,1
2011-09-26,1097770398,1
2011-09-27,1268562513,1
2011-09-28,962962066,1
2011-09-29,920903561,1
2011-09-30,814704105,1
2011-10-10,906748493,1
2011-10-11,1443198501,1
2011-10-12,1883296893,1
2011-10-13,1610896018,1
2011-10-14,978679774,1
2011-10-17,1080517013,1
2011-10-18,1250433272,1
2011-10-19,943130596,1
2011-10-20,1169871878,1
2011-10-21,681615870,1
2011-10-24,1151842082,1
2011-10-25,1633102599,1
2011-10-26,1992894214,1
2011-10-27,1405355966,1
2011-10-28,2150703720,1
2011-10-31,1566890022,1
2011-11-01,1747956567,1
2011-11-02,2188796252,1
2011-11-03,2934501960,1
2011-11-04,1852962070,1
2011-11-07,1579964279,1
2011-11-08,1434668870,1
2011-11-09,1607240347,1
2011-11-10,1713078742,1
2011-11-11,1044157244,1
2011-11-14,1775450932,1
2011-11-15,1352580208,1
2011-11-16,1885283473,1
2011-11-17,1165375601,1
2011-11-18,1321656123,1
2011-11-21,935825419,1
2011-11-22,932817367,1
2011-11-23,875953949,1
2011-11-24,993091138,1
2011-11-25,734618451,1
2011-11-28,740937974,1
2011-11-29,961078150,1
2011-11-30,1222788785,1
2011-12-01,1962760030,1
2011-12-02,1039252189,1
2011-12-05,1288466576,1
2011-12-06,908649175,1
2011-12-07,927432888,1
2011-12-08,1123832272,1
2011-12-09,934695778,1
2011-12-12,837065107,1
2011-12-13,1225863346,1
2011-12-14,945765165,1
2011-12-15,1383304143,1
2011-12-16,1308201004,1
2011-12-19,1248132082,1
2011-12-20,1131962544,1
2011-12-21,1044834094,1
2011-12-22,1125327675,1
2011-12-23,1003125572,1
2011-12-26,891449551,1
2011-12-27,1038309564,1
2011-12-28,990828401,1
2011-12-29,995544361,1
2011-12-30,1139687567,1
2012-01-04,1238086069,1
2012-01-05,1175210077,1
2012-01-06,1181854939,1
2012-01-09,1677517498,1
2012-01-10,2578027920,1
2012-01-11,1971286776,1
2012-01-12,1812569143,1
2012-01-13,1683245950,1
2012-01-16,1276090863,1
2012-01-17,2403728967,1
2012-01-18,2440844841,1
2012-01-19,2001897972,1
2012-01-20,1743573318,1
2012-01-30,2193845043,1
2012-01-31,1490778257,1
2012-02-01,1770224994,1
2012-02-02,1720992304,1
2012-02-03,2101174479,1
2012-02-06,2022807909,1
2012-02-07,2055381235,1
2012-02-08,2361727459,1
2012-02-09,2512241806,1
2012-02-10,2297988121,1
2012-02-13,2348972963,1
2012-02-14,1846805785,1
2012-02-15,2663248285,1
2012-02-16,2371207491,1
2012-02-17,1840180021,1
2012-02-20,2615075334,1
2012-02-21,2326862732,1
2012-02-22,3572109550,1
2012-02-23,3300170313,1
2012-02-24,3845964039,1
2012-02-27,4890105361,1
2012-02-28,3342828227,1
2012-02-29,3051937015,1
2012-03-01,2460174387,1
2012-03-02,3376308912,1
2012-03-05,3514695358,1
2012-03-06,3337001904,1
2012-03-07,2999998779,1
2012-03-08,2919187250,1
2012-03-09,3110088452,1
2012-03-12,3676774781,1
2012-03-13,3211461133,1
2012-03-14,5940914471,1
2012-03-15,3712084326,1
2012-03-16,2950010396,1
2012-03-19,3399377317,1
2012-03-20,3212554908,1
2012-03-21,3360228484,1
2012-03-22,2272126871,1
2012-03-23,2329838118,1
2012-03-26,1628896899,1
2012-03-27,2269295017,1
2012-03-28,2669177836,1
2012-03-29,2182401445,1
2012-03-30,1575546778,1
2012-04-05,2670988836,1
2012-04-06,2186824711,1
2012-04-09,1802894957,1
2012-04-10,2094831322,1
2012-04-11,2270937752,1
2012-04-12,2970167703,1
2012-04-13,2968403718,1
2012-04-16,2504628827,1
2012-04-17,2271998899,1
2012-04-18,3004029415,1
2012-04-19,2965617669,1
2012-04-20,3312748888,1
2012-04-23,3504886526,1
2012-04-24,3957145475,1
2012-04-25,3504706863,1
2012-04-26,3421135102,1
2012-04-27,2646027394,1
2012-05-02,5141248119,1
2012-05-03,3771968298,1
2012-05-04,3392942815,1
2012-05-07,3879915400,1
2012-05-08,3426640989,1
2012-05-09,3693239529,1
2012-05-10,2961069489,1
2012-05-11,2797154120,1
2012-05-14,3379927699,1
2012-05-15,2841063202,1
2012-05-16,2908462596,1
2012-05-17,2845090215,1
2012-05-18,2621652073,1
2012-05-21,2596155021,1
2012-05-22,2512381160,1
2012-05-23,2827221748,1
2012-05-24,3076951717,1
2012-05-25,2270242941,1
2012-05-28,2910571197,1
2012-05-29,4217036304,1
2012-05-30,3363027173,1
2012-05-31,3281191864,1
2012-06-01,2849534670,1
2012-06-04,3802451499,1
2012-06-05,2406583603,1
2012-06-06,2338750947,1
2012-06-07,2479639027,1
2012-06-08,2490585057,1
2012-06-11,2524580876,1
2012-06-12,2281167091,1
2012-06-13,3010652095,1
2012-06-14,2291568626,1
2012-06-15,3223757130,1
2012-06-18,2568285179,1
2012-06-19,2337717528,1
2012-06-20,1920635189,1
2012-06-21,2577296318,1
2012-06-25,2455375508,1
2012-06-26,1982773692,1
2012-06-27,1770860782,1
2012-06-28,2022530386,1
2012-06-29,2243037550,1
2012-07-02,2669566999,1
2012-07-03,2463029122,1
2012-07-04,2260228488,1
2012-07-05,2124603959,1
2012-07-06,3290461965,1
2012-07-09,3262440509,1
2012-07-10,2297219311,1
2012-07-11,2214857336,1
2012-07-12,3981645417,1
2012-07-13,2475450224,1
2012-07-16,2666769879,1
2012-07-17,2176890502,1
2012-07-18,2713857193,1
2012-07-19,2922098089,1
2012-07-20,2183603972,1
2012-07-23,2000298005,1
2012-07-24,1887042436,1
2012-07-25,1492772780,1
2012-07-26,1861664608,1
2012-07-27,1804220975,1
2012-07-30,1820689322,1
2012-07-31,1760045668,1
2012-08-01,2000219928,1
2012-08-02,1964416384,1
2012-08-03,1939541182,1
2012-08-06,2991310267,1
2012-08-07,2793975961,1
2012-08-08,2579981694,1
2012-08-09,3107525546,1
2012-08-10,2699471886,1
2012-08-13,3153577947,1
2012-08-14,2904661925,1
2012-08-15,2304881337,1
2012-08-16,1839692164,1
2012-08-17,2089157532,1
2012-08-20,2064771797,1
2012-08-21,2585459750,1
2012-08-22,2284091747,1
2012-08-23,2471846118,1
2012-08-24,2155318472,1
2012-08-27,2416173962,1
2012-08-28,2337197415,1
2012-08-29,2025260823,1
2012-08-30,2361137319,1
2012-08-31,1646813660,1
2012-09-03,2556250833,1
2012-09-04,2612250414,1
2012-09-05,2390446899,1
2012-09-06,2279591492,1
2012-09-07,6251998215,1
2012-09-10,5290563237,1
2012-09-11,3870349667,1
2012-09-12,4166791415,1
2012-09-13,3265298977,1
2012-09-14,4269148615,1
2012-09-17,3843416924,1
2012-09-18,2686128512,1
2012-09-19,2719116457,1
2012-09-20,3190671600,1
2012-09-21,2652801502,1
2012-09-24,2535903497,1
2012-09-25,1953167065,1
2012-09-26,1982192699,1
2012-09-27,3409408884,1
2012-09-28,3351806641,1
2012-10-08,3458962000,1
2012-10-09,4186697112,1
2012-10-10,3616163513,1
2012-10-11,3332286759,1
2012-10-12,2961411697,1
2012-10-15,2758974191,1
2012-10-16,2881410842,1
2012-10-17,2953371889,1
2012-10-18,3850386644,1
2012-10-19,3025902556,1
2012-10-22,3300525328,1
2012-10-23,3519093288,1
2012-10-24,2892607979,1
2012-10-25,3262361315,1
2012-10-26,3358110592,1
2012-10-29,2277386327,1
2012-10-30,2329854975,1
2012-10-31,2458637124,1
2012-11-01,3805306234,1
2012-11-02,3304085839,1
2012-11-05,3238737730,1
2012-11-06,3407617516,1
2012-11-07,2923162356,1
2012-11-08,2968758105,1
2012-11-09,2082532608,-1
2012-11-12,2500117023,-1
2012-11-13,2647002452,-1
2012-11-14,2166550723,-1
2012-11-15,2219169269,-1
2012-11-16,2335211066,-1
2012-11-19,2430049135,-1
2012-11-20,2140559998,-1
2012-11-21,2782297423,-1
2012-11-22,1975409713,-1
2012-11-23,2175614245,-1
2012-11-26,1945928525,-1
2012-11-27,2286746137,-1
2012-11-28,2036514499,-1
2012-11-29,2024957839,-1
2012-11-30,2392143372,-1
2012-12-03,2598370611,-1
2012-12-04,2561495959,-1
2012-12-05,5992805103,1
2012-12-06,3828686857,1
2012-12-07,5415266979,1
2012-12-10,5121037293,1
2012-12-11,4447126989,1
2012-12-12,3919520168,1
2012-12-13,3255089767,1
2012-12-14,8273908917,1
2012-12-17,8180545707,1
2012-12-18,7483372937,1
2012-12-19,5691363608,1
2012-12-20,6438310074,1
2012-12-21,6942322337,1
2012-12-24,5448406427,1
2012-12-25,9501133944,1
2012-12-26,7402476808,1
2012-12-27,7770734893,1
2012-12-28,7428707810,1
2012-12-31,8175398322,1
2013-01-04,10351560018,1
2013-01-07,7983432127,1
2013-01-08,8054840952,1
2013-01-09,8213899646,1
2013-01-10,8068264426,1
2013-01-11,8114487861,1
2013-01-14,11582492201,1
2013-01-15,11703451602,1
2013-01-16,10725403793,1
2013-01-17,8215276104,1
2013-01-18,8493752873,1
2013-01-21,9751822014,1
2013-01-22,11453933395,1
2013-01-23,8395259976,1
2013-01-24,11437550859,1
2013-01-25,6064395116,1
2013-01-28,10264660749,1
2013-01-29,11759391844,1
2013-01-30,11385378397,1
2013-01-31,11453018741,1
2013-02-01,12186861474,1
2013-02-04,16552064478,1
2013-02-05,13345285831,1
2013-02-06,11426756817,1
2013-02-07,12105449584,1
2013-02-08,9897567834,1
2013-02-18,13049620464,1
2013-02-19,11797344670,1
2013-02-20,9417940004,1
2013-02-21,12426329107,1
2013-02-22,7848793032,1
2013-02-25,7275992859,1
2013-02-26,10991655332,1
2013-02-27,8208874254,1
2013-02-28,11674515994,1
2013-03-01,10936580952,1
2013-03-04,13683431671,1
2013-03-05,12163351320,1
2013-03-06,12729808219,1
2013-03-07,12691064630,1
2013-03-08,8966780528,1
2013-03-11,7674360908,1
2013-03-12,10148640434,1
2013-03-13,8157156466,1
2013-03-14,6728872932,1
2013-03-15,10650700599,1
2013-03-18,8088704942,1
2013-03-19,7873337158,1
2013-03-20,12048259489,1
2013-03-21,10896603573,1
2013-03-22,8639328097,1
2013-03-25,9400241020,1
2013-03-26,10374485199,1
2013-03-27,9059703117,1
2013-03-28,11188882543,1
2013-03-29,7521535427,1
2013-04-01,7091795936,1
2013-04-02,8191783639,1
2013-04-03,6156918822,1
2013-04-08,7573056642,1
2013-04-09,7700320792,1
2013-04-10,7549650536,1
2013-04-11,6556356215,1
2013-04-12,6100179911,1
2013-04-15,6495472439,1
2013-04-16,7776410081,1
2013-04-17,7432199945,1
2013-04-18,7598566077,1
2013-04-19,12014521068,1
2013-04-22,11439691004,1
2013-04-23,10978311373,1
2013-04-24,11083367870,1
2013-04-25,11318455382,1
2013-04-26,8156477061,1
2013-05-02,8495897831,1
2013-05-03,10299857040,1
2013-05-06,11989865596,1
2013-05-07,11324276170,1
2013-05-08,11367592817,1
2013-05-09,13149484450,1
2013-05-10,10135546272,1
2013-05-13,10554544897,1
2013-05-14,10872034714,1
2013-05-15,9898125120,1
2013-05-16,14932841482,1
2013-05-17,14494552105,1
2013-05-20,18588532592,1
2013-05-21,17002420568,1
2013-05-22,16547816834,1
2013-05-23,17155392105,1
2013-05-24,13438842572,1
2013-05-27,16102627663,1
2013-05-28,18032928763,1
2013-05-29,18191119348,1
2013-05-30,16423550236,1
2013-05-31,15499711770,1
2013-06-03,14249975389,1
2013-06-04,13864766167,1
2013-06-05,10959160843,1
2013-06-06,12657516309,1
2013-06-07,12260033013,1
2013-06-13,11498954778,1
2013-06-14,10017590677,1
2013-06-17,11695067027,1
2013-06-18,9656759466,1
2013-06-19,11163337862,1
2013-06-20,10737454540,1
2013-06-21,9382908386,1
2013-06-24,12322306048,1
2013-06-25,12776069306,1
2013-06-26,10893538366,1
2013-06-27,10560727931,1
2013-06-28,9783219367,1
2013-07-01,8504664587,1
2013-07-02,10592804204,1
2013-07-03,11243473410,1
2013-07-04,12191947439,1
2013-07-05,10908097751,1
2013-07-08,9027733359,1
2013-07-09,6893823383,-1
2013-07-10,11079660436,-1
2013-07-11,19185390297,1
2013-07-12,16593527675,1
2013-07-15,14911395587,1
2013-07-16,14022720689,1
2013-07-17,13422335746,1
2013-07-18,11651987715,1
2013-07-19,12895575431,1
2013-07-22,10203500347,1
2013-07-23,14700775438,1
2013-07-24,15353174451,1
2013-07-25,13767858521,1
2013-07-26,9785506018,1
2013-07-29,10487117079,1
2013-07-30,10280458136,1
2013-07-31,9439565281,1
2013-08-01,12878078782,1
2013-08-02,12585638651,1
2013-08-05,12208237659,1
2013-08-06,14771908334,1
2013-08-07,15291767271,1
2013-08-08,12198917191,1
2013-08-09,13123569603,1
2013-08-12,17521934372,1
2013-08-13,15418135855,1
2013-08-14,15310232989,1
2013-08-15,13036812332,1
2013-08-16,20196597731,1
2013-08-19,13127784407,1
2013-08-20,13824292167,1
2013-08-21,11301097369,1
2013-08-22,11846126262,1
2013-08-23,15490434839,1
2013-08-26,16685513761,1
2013-08-27,16009565608,1
2013-08-28,19365803181,1
2013-08-29,15238281085,1
2013-08-30,18401666404,1
2013-09-02,16530381863,1
2013-09-03,15105750718,1
2013-09-04,16403711426,1
2013-09-05,15766133166,1
2013-09-06,16634899444,1
2013-09-09,28071176438,1
2013-09-10,28950494798,1
2013-09-11,28759749361,1
2013-09-12,26355544037,1
2013-09-13,21209305338,1
2013-09-16,22907192368,1
2013-09-17,22402352538,1
2013-09-18,16410440650,1
2013-09-23,21446264314,1
2013-09-24,24827551672,1
2013-09-25,23482210869,1
2013-09-26,21396933471,1
2013-09-27,17083734934,1
2013-09-30,15350805090,1
2013-10-08,24344734891,1
2013-10-09,22071317772,1
2013-10-10,24655401620,1
2013-10-11,24346010026,1
2013-10-14,25949506953,1
2013-10-15,23952222563,1
2013-10-16,22817371577,1
2013-10-17,19142094140,1
2013-10-18,15471169338,1
2013-10-21,23029347099,1
2013-10-22,25219051291,1
2013-10-23,21947074721,1
2013-10-24,15153073651,1
2013-10-25,17605851862,1
2013-10-28,13710741070,1
2013-10-29,20209516170,1
2013-10-30,16675554892,1
2013-10-31,14892484212,1
2013-11-01,11856874426,1
2013-11-04,11788073531,1
2013-11-05,13763709597,1
2013-11-06,15193671403,1
2013-11-07,12456813508,1
2013-11-08,12003547107,1
2013-11-11,10387079605,1
2013-11-12,11544143855,1
2013-11-13,12397633064,1
2013-11-14,13045933747,1
2013-11-15,20094553325,1
2013-11-18,25533320323,1
2013-11-19,21566744998,1
2013-11-20,18500412990,1
2013-11-21,21971506397,1
2013-11-22,19010461391,1
2013-11-25,17707611087,1
2013-11-26,15981979327,1
2013-11-27,21391560812,1
2013-11-28,23937831487,1
2013-11-29,19704834402,1
2013-12-02,28967471868,1
2013-12-03,18108911046,1
2013-12-04,25286629793,1
2013-12-05,20483606671,1
2013-12-06,17626690064,1
2013-12-09,16842116838,1
2013-12-10,17551365019,1
2013-12-11,17440890552,1
2013-12-12,14904657281,1
2013-12-13,13527004636,1
2013-12-16,16136185871,1
2013-12-17,12882185167,1
2013-12-18,10925431471,1
2013-12-19,12559578704,1
2013-12-20,13105965651,1
2013-12-23,10644184113,1
2013-12-24,11850538064,1
2013-12-25,12244761301,1
2013-12-26,13352788340,1
2013-12-27,12537801608,1
2013-12-30,13726723037,1
2013-12-31,13897986669,1
2014-01-02,13505869716,1
2014-01-03,14954260638,1
2014-01-06,14145189082,1
2014-01-07,10982743416,1
2014-01-08,14653311680,1
2014-01-09,16518371488,1
2014-01-10,12537311407,1
2014-01-13,11385543931,1
2014-01-14,12371403424,1
2014-01-15,13090481021,1
2014-01-16,13499497298,1
2014-01-17,12509025647,1
2014-01-20,10817672053,1
2014-01-21,13110718228,1
2014-01-22,19489179177,1
2014-01-23,19032787925,1
2014-01-24,19364078505,1
2014-01-27,20321164307,1
2014-01-28,14979835758,1
2014-01-29,15339336394,1
2014-01-30,13282190261,1
2014-02-07,18354296504,1
2014-02-10,27961021263,1
2014-02-11,30552231381,1
2014-02-12,25257688035,1
2014-02-13,28688260041,1
2014-02-14,19855301079,1
2014-02-17,28031367644,1
2014-02-18,28873713566,1
2014-02-19,27656126930,1
2014-02-20,27576320038,1
2014-02-21,19985727015,1
2014-02-24,22532456048,1
2014-02-25,26632646830,1
2014-02-26,19619428740,1
2014-02-27,23143070791,1
2014-02-28,19041512121,1
2014-03-03,20313374931,1
2014-03-04,20034222328,1
2014-03-05,18671726861,1
2014-03-06,19315279872,1
2014-03-07,18446906584,1
2014-03-10,18919071458,1
2014-03-11,14834351653,1
2014-03-12,16847966553,1
2014-03-13,16076512577,1
2014-03-14,14325940995,1
2014-03-17,15734242330,1
2014-03-18,18112643379,1
2014-03-19,17043186644,1
2014-03-20,18217303722,1
2014-03-21,22230647077,1
2014-03-24,22835684875,1
2014-03-25,19870632711,1
2014-03-26,16631832188,1
2014-03-27,19447972498,1
2014-03-28,17570007897,1
2014-03-31,12932051724,-1
2014-04-01,12032058955,-1
2014-04-02,15543426793,-1
2014-04-03,16464180883,-1
2014-04-04,13448857341,-1
2014-04-08,22236507315,-1
2014-04-09,19686709177,-1
2014-04-10,29421518930,1
2014-04-11,22293858524,1
2014-04-14,18808407306,1
2014-04-15,20796005783,1
2014-04-16,15892424858,1
2014-04-17,15996314285,1
2014-04-18,14525844996,1
2014-04-21,17587961238,1
2014-04-22,17465442841,1
2014-04-23,13928283020,1
2014-04-24,13717376648,1
2014-04-25,14938692381,1
2014-04-28,14312862415,1
2014-04-29,11811576885,1
2014-04-30,10602235974,1
2014-05-05,12759489266,1
2014-05-06,13633721691,1
2014-05-07,11942706508,1
2014-05-08,12694366281,1
2014-05-09,11694712943,1
2014-05-12,19568949730,1
2014-05-13,15842662447,1
2014-05-14,11964977862,1
2014-05-15,12714631726,1
2014-05-16,10709888447,1
2014-05-19,12167685026,1
2014-05-20,11525438157,1
2014-05-21,11627788969,1
2014-05-22,13719090272,1
2014-05-23,12167271898,1
2014-05-26,15439061934,1
2014-05-27,13995195091,1
2014-05-28,18171225666,1
2014-05-29,16966080806,1
2014-05-30,14663970193,1
2014-06-03,15093312968,1
2014-06-04,14048998703,1
2014-06-05,13595955568,1
2014-06-06,14047530821,1
2014-06-09,14080226652,1
2014-06-10,16983800285,1
2014-06-11,16468123070,1
2014-06-12,16516351392,1
2014-06-13,19237137840,1
2014-06-16,19924127139,1
2014-06-17,19338820456,1
2014-06-18,19187522746,1
2014-06-19,19813097500,1
2014-06-20,12873254959,1
2014-06-23,13982253436,1
2014-06-24,14915953999,1
2014-06-25,13975667663,1
2014-06-26,16660875128,1
2014-06-27,19069087006,1
2014-06-30,21218675404,1
2014-07-01,21162658881,1
2014-07-02,22025891158,1
2014-07-03,24366654506,1
2014-07-04,21199620945,1
2014-07-07,21580724883,1
2014-07-08,21723475695,1
2014-07-09,24964638409,1
2014-07-10,21117330169,1
2014-07-11,20519428607,1
2014-07-14,25375179758,1
2014-07-15,24778176749,1
2014-07-16,23408409815,1
2014-07-17,17960239447,1
2014-07-18,17877362594,1
2014-07-21,17734147135,1
2014-07-22,24105937479,1
2014-07-23,26100106836,1
2014-07-24,31361193695,1
2014-07-25,26637232246,1
2014-07-28,40187438475,1
2014-07-29,37333252835,1
2014-07-30,35971647192,1
2014-07-31,33232191138,1
2014-08-01,34850605474,1
2014-08-04,34290077010,1
2014-08-05,37028838384,1
2014-08-06,37070708119,1
2014-08-07,36007991694,1
2014-08-08,28376257635,1
2014-08-11,33059053795,1
2014-08-12,35177380866,1
2014-08-13,38526387137,1
2014-08-14,36036774093,1
2014-08-15,33555042165,1
2014-08-18,38806037722,1
2014-08-19,42798997729,1
2014-08-20,37513306293,1
2014-08-21,37277390934,1
2014-08-22,36240653677,1
2014-08-25,36283099659,1
2014-08-26,34831367067,1
2014-08-27,27879671885,-1
2014-08-28,30686114283,-1
2014-08-29,24697715752,-1
2014-09-01,33352969733,-1
2014-09-02,42338883212,-1
2014-09-03,47075890033,1
2014-09-04,47468346157,1
2014-09-05,47076137003,1
2014-09-09,48542287748,1
2014-09-10,44644769435,1
2014-09-11,54425542270,1
2014-09-12,42221451202,1
2014-09-15,50643343980,1
2014-09-16,62116678182,1
2014-09-17,40705187796,1
2014-09-18,37703211458,1
2014-09-19,37254484678,1
2014-09-22,43927759882,1
2014-09-23,38824366258,1
2014-09-24,57887598090,1
2014-09-25,60143893951,1
2014-09-26,45825243236,1
2014-09-29,47798561483,1
2014-09-30,43959463257,1
2014-10-08,62243942273,1
2014-10-09,63564967452,1
2014-10-10,57707795164,1
2014-10-13,52805257739,1
2014-10-14,50925926343,1
2014-10-15,52900848650,1
2014-10-16,56338356503,1
2014-10-17,47821275686,1
2014-10-20,38945023167,1
2014-10-21,40867142282,1
2014-10-22,39685178769,1
2014-10-23,41238303773,1
2014-10-24,32729746205,1
2014-10-27,33609873687,1
2014-10-28,44009752848,1
2014-10-29,61641589692,1
2014-10-30,61863641865,1
2014-10-31,65422654179,1
2014-11-03,62363879052,1
2014-11-04,62369399496,1
2014-11-05,56513212905,1
2014-11-06,50170023816,1
2014-11-07,68116689064,1
2014-11-10,65385270251,1
2014-11-11,87585500943,1
2014-11-12,55211666198,1
2014-11-13,69555815136,1
2014-11-14,49753814609,1
2014-11-17,50700918763,1
2014-11-18,45726547772,1
2014-11-19,46553880396,1
2014-11-20,42092440469,1
2014-11-21,57622802249,1
2014-11-24,104890187889,1
2014-11-25,91567994688,1
2014-11-26,100433621477,1
2014-11-27,101044191003,1
2014-11-28,115247543955,1
2014-12-01,113312947379,1
2014-12-02,111234718215,1
2014-12-03,150019492428,1
2014-12-04,156449505542,1
2014-12-05,167881767613,1
2014-12-08,165367178535,1
2014-12-09,182349491375,1
2014-12-10,131776658595,1
2014-12-11,119218599960,1
2014-12-12,106696136542,1
2014-12-15,112205780200,1
2014-12-16,130830281683,1
2014-12-17,148728806261,1
2014-12-18,120167924576,1
2014-12-19,123355116598,1
2014-12-22,132584686257,1
2014-12-23,92331641704,1
2014-12-24,82146757150,1
2014-12-25,87918323465,1
2014-12-26,116181278312,1
2014-12-29,137254393123,1
2014-12-30,103621771141,1
2014-12-31,107473289965,1
2015-01-05,140739481633,1
2015-01-06,135436638675,1
2015-01-07,112048699204,1
2015-01-08,100681074686,1
2015-01-09,116563917322,1
2015-01-12,93186872698,1
2015-01-13,75516927638,1
2015-01-14,79251263154,1
2015-01-15,94818606225,1
2015-01-16,112360214605,1
2015-01-19,104061173596,1
2015-01-20,107911191571,1
2015-01-21,129728044345,1
2015-01-22,110347186620,1
2015-01-23,117099924578,1
2015-01-26,99032453253,1
2015-01-27,110468780519,1
2015-01-28,93145285024,1
2015-01-29,79585395967,1
2015-01-30,74408228065,1
2015-02-02,68976283273,1
2015-02-03,77791080754,1
2015-02-04,84893650788,1
2015-02-05,106439173371,1
2015-02-06,77572914910,1
2015-02-09,74435215905,1
2015-02-10,73815625205,1
2015-02-11,76508784254,1
2015-02-12,75347444869,1
2015-02-13,84416250583,1
2015-02-16,89841181481,1
2015-02-17,80715269363,1
2015-02-25,97977452551,1
2015-02-26,104434899594,1
2015-02-27,104315429077,1
2015-03-02,129315566897,1
2015-03-03,138441050856,1
2015-03-04,108916169197,1
2015-03-05,114480876579,1
2015-03-06,99815271932,1
2015-03-09,105441113457,1
2015-03-10,110114096428,1
2015-03-11,105753937010,1
2015-03-12,128395587802,1
2015-03-13,114263642124,1
2015-03-16,145305683343,1
2015-03-17,179946648715,1
2015-03-18,184687219433,1
2015-03-19,177630739218,1
2015-03-20,196391730142,1
2015-03-23,188997223572,1
2015-03-24,225492978132,1
2015-03-25,187522024061,1
2015-03-26,181688025844,1
2015-03-27,143805347257,1
2015-03-30,189959641907,1
2015-03-31,185195983790,1
2015-04-01,178670235317,1
2015-04-02,193709020226,1
2015-04-03,194513984868,1
2015-04-07,211616707163,1
2015-04-08,226824725957,1
2015-04-09,227386647364,1
2015-04-10,186108726143,1
2015-04-13,198264424549,1
2015-04-14,205030640663,1
2015-04-15,192842376199,1
2015-04-16,166545074684,1
2015-04-17,199980633821,1
2015-04-20,243811424807,1
2015-04-21,211577933651,1
2015-04-22,244831282401,1
2015-04-23,253330600068,1
2015-04-24,229326038815,1
2015-04-27,238623758025,1
2015-04-28,223421371506,1
2015-04-29,192147439662,1
2015-04-30,200888617970,1
2015-05-04,176382131012,1
2015-05-05,193277498270,1
2015-05-06,183060541546,1
2015-05-07,140764548127,-1
2015-05-08,140977112245,-1
2015-05-11,195020650565,-1
2015-05-12,214818160441,-1
2015-05-13,215364507469,-1
2015-05-14,179534658360,-1
2015-05-15,169945188659,-1
2015-05-18,161430226144,-1
2015-05-19,190156853770,-1
2015-05-20,207945484288,-1
2015-05-21,190690092624,-1
2015-05-22,237882405314,-1
2015-05-25,259008918592,1
2015-05-26,262552852867,1
2015-05-27,223165642983,1
2015-05-28,269138721253,1
2015-05-29,182529333709,1
2015-06-01,194265860222,1
2015-06-02,216346279354,1
2015-06-03,202319538690,1
2015-06-04,226089396217,1
2015-06-05,255091481595,1
2015-06-08,260676905817,1
2015-06-09,219688331207,1
2015-06-10,206965325737,1
2015-06-11,208551797751,1
2015-06-12,218786471898,1
2015-06-15,218656316507,1
2015-06-16,179172263135,1
2015-06-17,166529769033,1
2015-06-18,157186046710,1
2015-06-19,146530284452,1
2015-06-23,122284611364,-1
2015-06-24,156712222033,-1
2015-06-25,170310342776,-1
2015-06-26,146101243554,-1
2015-06-29,169776314852,-1
2015-06-30,169408093250,-1
2015-07-01,159361945282,-1
2015-07-02,135808721633,-1
2015-07-03,120419398987,-1
2015-07-06,134432080252,-1
2015-07-07,90479516256,-1
2015-07-08,56028188034,-1
2015-07-09,111432060370,-1
2015-07-10,126019462911,-1
2015-07-13,146943102448,-1
2015-07-14,157355194758,-1
2015-07-15,136449328560,-1
2015-07-16,118892607499,-1
2015-07-17,139765160859,-1
2015-07-20,152448296008,-1
2015-07-21,144264740394,-1
2015-07-22,149104097085,-1
2015-07-23,171020806977,-1
2015-07-24,187956487145,-1
2015-07-27,147760378898,-1
2015-07-28,112819940117,-1
2015-07-29,111579163871,-1
2015-07-30,127669668345,-1
2015-07-31,78535503625,-1
2015-08-03,66504669876,-1
2015-08-04,100404473550,-1
2015-08-05,101382744808,-1
2015-08-06,72910909742,-1
2015-08-07,99978531072,-1
2015-08-10,151357556032,-1
2015-08-11,160283335688,-1
2015-08-12,126326082762,-1
2015-08-13,130592981987,-1
2015-08-14,145874551372,-1
2015-08-17,145503124888,-1
2015-08-18,158169586736,-1
2015-08-19,126597234322,-1
2015-08-20,107087708054,-1
2015-08-21,84041660037,-1
2015-08-24,58166662078,-1
2015-08-25,58137127500,-1
2015-08-26,79746374218,-1
2015-08-27,72189828155,-1
2015-08-28,94353787607,-1
2015-08-31,76466518815,-1
2015-09-01,58498597259,-1
2015-09-02,51679464874,-1
2015-09-07,71080895217,-1
2015-09-08,55442466435,-1
2015-09-09,95327975231,-1
2015-09-10,61625200107,-1
2015-09-11,54364250243,-1
2015-09-14,61513080954,-1
2015-09-15,44981551895,-1
2015-09-16,61784298094,-1
2015-09-17,76750666263,-1
2015-09-18,49535168826,-1
2015-09-21,59872020461,-1
2015-09-22,70910908129,-1
2015-09-23,58032035100,-1
2015-09-24,55060158467,-1
2015-09-25,53197837930,-1
2015-09-28,41791856968,-1
2015-09-29,39397254139,-1
2015-09-30,32642625485,-1
2015-10-08,70350138653,-1
2015-10-09,64419346706,-1
2015-10-12,111971773224,1
2015-10-13,83592350039,1
2015-10-14,84229790033,1
2015-10-15,98279639583,1
2015-10-16,116777455721,1
2015-10-19,119172218814,1
2015-10-20,107361540269,1
2015-10-21,134149405331,1
2015-10-22,107666469701,1
2015-10-23,123994375992,1
2015-10-26,133007891201,1
2015-10-27,116600562649,1
2015-10-28,101831277209,1
2015-10-29,84722349693,1
2015-10-30,92328777317,1
2015-11-02,79198271209,1
2015-11-03,65429357004,1
2015-11-04,130002953204,1
2015-11-05,191151744167,1
2015-11-06,163778721690,1
2015-11-09,193500061156,1
2015-11-10,175860751179,1
2015-11-11,149943260067,1
2015-11-12,153807219392,1
2015-11-13,140885257693,1
2015-11-16,113209382360,1
2015-11-17,167972034840,1
2015-11-18,116010267065,1
2015-11-19,107666833622,1
2015-11-20,136159468248,1
2015-11-23,110305893244,1
2015-11-24,85305522399,1
2015-11-25,105756951635,1
2015-11-26,113276810239,1
2015-11-27,109454094213,1
2015-11-30,95192006185,1
2015-12-01,82789494803,1
2015-12-02,91383962676,1
2015-12-03,86137300454,1
2015-12-04,73276835929,1
2015-12-07,70013943328,1
2015-12-08,69641982408,1
2015-12-09,66357212394,1
2015-12-10,70522902176,1
2015-12-11,59787934292,1
2015-12-14,79385257222,1
2015-12-15,79460966169,1
2015-12-16,76096541912,1
2015-12-17,102426588397,1
2015-12-18,97279168547,1
2015-12-21,108812355718,1
2015-12-22,100863286603,1
2015-12-23,122282829173,1
2015-12-24,86116102764,1
2015-12-25,72835895834,1
2015-12-28,82881686398,1
2015-12-29,61310029268,1
2015-12-30,69425594925,1
2015-12-31,56597606972,1
2016-01-04,55148767924,1
2016-01-05,66164863924,1
2016-01-06,60292044048,1
2016-01-07,16638253995,-1
2016-01-08,61497505820,-1
2016-01-11,52209292054,-1
2016-01-12,43326087375,-1
2016-01-13,39162147955,-1
2016-01-14,46962988407,-1
2016-01-15,41523987013,-1
2016-01-18,41962066014,-1
2016-01-19,51782814029,-1
2016-01-20,50618870730,-1
2016-01-21,44622214971,-1
2016-01-22,37473297889,-1
2016-01-25,33841948745,-1
2016-01-26,38562707645,-1
2016-01-27,40431279185,-1
2016-01-28,29429599016,-1
2016-01-29,36094257633,-1
2016-02-01,27346981598,-1
2016-02-02,34760869968,-1
2016-02-03,29152564843,-1
2016-02-04,36646803034,-1
2016-02-05,23851135589,-1
2016-02-15,30350072636,-1
2016-02-16,46751508457,-1
2016-02-17,48420843038,-1
2016-02-18,51396199960,-1
2016-02-19,39399812243,-1
2016-02-22,55503199736,-1
2016-02-23,48164020755,-1
2016-02-24,50291674340,-1
2016-02-25,54394329794,-1
2016-02-26,36889031945,-1
2016-02-29,32845671227,-1
2016-03-01,36637172934,-1
2016-03-02,55262742047,-1
2016-03-03,59283924984,-1
2016-03-04,50897472669,-1
2016-03-07,44846898200,-1
2016-03-08,45890289165,-1
2016-03-09,33985178825,-1
2016-03-10,28658101172,-1
2016-03-11,23944129652,-1
2016-03-14,47071361084,-1
2016-03-15,33462243337,-1
2016-03-16,31254141681,-1
2016-03-17,55315502716,-1
2016-03-18,76972710732,1
2016-03-21,94706299927,1
2016-03-22,73359581493,1
2016-03-23,63551211381,1
2016-03-24,67344551719,1
2016-03-25,49416626713,1
2016-03-28,57326694966,1
2016-03-29,46684877466,1
2016-03-30,60533678451,1
2016-03-31,66470416972,1
2016-04-01,50984579580,1
2016-04-05,74820812573,1
2016-04-06,66123787271,1
2016-04-07,63177595276,1
2016-04-08,50708173470,1
2016-04-11,62973947186,1
2016-04-12,49100859245,1
2016-04-13,84809727854,1
2016-04-14,57623599000,1
2016-04-15,49767393119,1
2016-04-18,48756816757,1
2016-04-19,44988262751,1
2016-04-20,66470381059,1
2016-04-21,46943260287,1
2016-04-22,35028014052,1
2016-04-25,30903832903,1
2016-04-26,31411301817,1
2016-04-27,34482209778,1
2016-04-28,36701833616,1
2016-04-29,28696462221,1
2016-05-03,52951588709,1
2016-05-04,47460076536,1
2016-05-05,42853190527,1
2016-05-06,56708258942,1
2016-05-09,41237709820,1
2016-05-10,26685197193,1
2016-05-11,31354567384,1
2016-05-12,32092441986,1
2016-05-13,28225395068,1
2016-05-16,31865352868,1
2016-05-17,38396667612,1
2016-05-18,33964375233,1
2016-05-19,34011018548,1
2016-05-20,32607910461,1
2016-05-23,35234294419,1
2016-05-24,32217179000,1
2016-05-25,32291090548,1
2016-05-26,35051460972,1
2016-05-27,31976569502,1
2016-05-30,27695157755,1
2016-05-31,63180165355,1
2016-06-01,63000081422,1
2016-06-02,52802338290,1
2016-06-03,59657528916,1
2016-06-06,49415747057,1
2016-06-07,45248923577,1
2016-06-08,47233889166,1
2016-06-13,51378401224,1
2016-06-14,32563183366,1
2016-06-15,56932260777,1
2016-06-16,53043472842,1
2016-06-17,49584395510,1
2016-06-20,42263992391,1
2016-06-21,52317854866,1
2016-06-22,43312536500,1
2016-06-23,45700246458,1
2016-06-24,57757708000,1
2016-06-27,55406903196,1
2016-06-28,60241134310,1
2016-06-29,59453984848,1
2016-06-30,50197980336,1
2016-07-01,44581029744,1
2016-07-04,66720396927,1
2016-07-05,66765458450,1
2016-07-06,62109876247,1
2016-07-07,70888307412,1
2016-07-08,55373094247,1
2016-07-11,68147090384,1
2016-07-12,75459683631,1
2016-07-13,77159056404,1
2016-07-14,59994237198,1
2016-07-15,57164433892,1
2016-07-18,56371351533,1
2016-07-19,52112744819,1
2016-07-20,47243048512,1
2016-07-21,53668811277,1
2016-07-22,52438834636,1
2016-07-25,47941438093,1
2016-07-26,49539803772,1
2016-07-27,78259083412,1
2016-07-28,53291779454,1
2016-07-29,38926024100,1
2016-08-01,36738934795,1
2016-08-02,28329294116,-1
2016-08-03,34232493599,-1
2016-08-04,38977066492,-1
2016-08-05,36551649119,-1
2016-08-08,42081020615,-1
2016-08-09,46221603629,-1
2016-08-10,45904100380,-1
2016-08-11,43556570951,-1
2016-08-12,42144724154,-1
2016-08-15,86029457012,1
2016-08-16,76618854336,1
2016-08-17,62884489782,1
2016-08-18,66710962121,1
2016-08-19,53872702793,1
2016-08-22,51926679146,1
2016-08-23,43973691860,1
2016-08-24,40490755122,1
2016-08-25,46098758618,1
2016-08-26,41879803871,1
2016-08-29,38709113386,1
2016-08-30,37333528961,1
2016-08-31,41459677997,1
2016-09-01,41873040467,1
2016-09-02,38922935787,1
2016-09-05,37486786060,1
2016-09-06,52689983659,1
2016-09-07,51881922340,1
2016-09-08,42181295503,1
2016-09-09,44106592494,1
2016-09-12,50373075476,1
2016-09-13,36889724671,1
2016-09-14,31990454427,1
2016-09-19,31124205851,1
2016-09-20,29677874197,1
2016-09-21,30800410111,1
2016-09-22,37439576355,1
2016-09-23,32400702653,1
2016-09-26,36529250127,1
2016-09-27,30245428774,1
2016-09-28,24994677187,1
2016-09-29,28282699431,1
2016-09-30,22348597155,1
2016-10-10,47027928498,1
2016-10-11,44285801077,1
2016-10-12,37730089135,1
2016-10-13,39050977790,1
2016-10-14,37470337786,1
2016-10-17,41527549061,1
2016-10-18,46955717227,1
2016-10-19,45862427975,1
2016-10-20,39131420529,1
2016-10-21,43945900789,1
2016-10-24,55590746034,1
2016-10-25,49982670067,1
2016-10-26,49174443608,1
2016-10-27,40976240230,1
2016-10-28,42213255675,1
2016-10-31,36269320974,1
2016-11-01,41307014739,1
2016-11-02,46163319467,1
2016-11-03,61833995840,1
2016-11-04,47745182611,1
2016-11-07,46237989184,1
2016-11-08,47455836653,1
2016-11-09,61679650146,1
2016-11-10,61651609324,1
2016-11-11,74572118801,1
2016-11-14,79914755120,1
2016-11-15,62319700313,1
2016-11-16,58281593271,1
2016-11-17,51261059840,1
2016-11-18,49781750575,1
2016-11-21,55795900549,1
2016-11-22,65063486835,1
2016-11-23,65151487146,1
2016-11-24,61345314417,1
2016-11-25,61925627305,1
2016-11-28,70078004283,1
2016-11-29,77634870976,1
2016-11-30,63739056441,1
2016-12-01,60245984330,1
2016-12-02,63184364585,1
2016-12-05,54416048958,1
2016-12-06,40181733310,-1
2016-12-07,42110096402,-1
2016-12-08,41960761077,-1
2016-12-09,44815837438,-1
2016-12-12,55162165283,-1
2016-12-13,37212280879,-1
2016-12-14,41780449000,-1
2016-12-15,40246357042,-1
2016-12-16,31414755027,-1
2016-12-19,31003534624,-1
2016-12-20,31094725272,-1
2016-12-21,34849002523,-1
2016-12-22,30963224552,-1
2016-12-23,31555013003,-1
2016-12-26,32688247348,-1
2016-12-27,28594547510,-1
2016-12-28,26610739082,-1
2016-12-29,26233090208,-1
2016-12-30,23392161582,-1
2017-01-03,28082990257,-1
2017-01-04,34711822576,-1
2017-01-05,33883550089,-1
2017-01-06,33666939206,-1
2017-01-09,33208362338,-1
2017-01-10,33370475197,-1
2017-01-11,31264086944,-1
2017-01-12,27393634588,-1
2017-01-13,25924622331,-1
2017-01-16,34100167062,-1
2017-01-17,26098283323,-1
2017-01-18,22420638554,-1
2017-01-19,20275541857,-1
2017-01-20,22699123611,-1
2017-01-23,24894009719,-1
2017-01-24,21367874847,-1
2017-01-25,20178651730,-1
2017-01-26,17804556321,-1
2017-02-03,21708532011,-1
2017-02-06,26059927106,-1
2017-02-07,25838940783,-1
2017-02-08,30421472814,-1
2017-02-09,37804700023,-1
2017-02-10,40914030009,1
2017-02-13,42855194605,1
2017-02-14,35969521779,1
2017-02-15,43455712033,1
2017-02-16,39019766207,1
2017-02-17,39819739836,1
2017-02-20,41799237259,1
2017-02-21,42286772754,1
2017-02-22,42005840220,1
2017-02-23,44026501984,1
2017-02-24,36777782664,1
2017-02-27,37525914558,1
2017-02-28,32200351664,1
2017-03-01,39799414005,1
2017-03-02,38165882156,1
2017-03-03,34201343914,1
2017-03-06,38183559419,1
2017-03-07,37398157351,1
2017-03-08,34630095467,1
2017-03-09,34429434130,1
2017-03-10,29489108089,-1
2017-03-13,38037948882,-1
2017-03-14,34828857856,-1
2017-03-15,34173452668,-1
2017-03-16,46672046365,1
2017-03-17,44513019061,1
2017-03-20,38261726914,1
2017-03-21,38287723482,1
2017-03-22,44257192675,1
2017-03-23,43895842127,1
2017-03-24,46825834616,1
2017-03-27,43589044595,1
2017-03-28,35551263234,1
2017-03-29,42811420327,1
2017-03-30,45953299883,1
2017-03-31,32712009549,1
2017-04-05,52398559312,1
2017-04-06,50366025290,1
2017-04-07,49500110935,1
2017-04-10,55711023820,1
2017-04-11,69707394305,1
2017-04-12,63849909971,1
2017-04-13,48602598320,1
2017-04-14,47660724287,1
2017-04-17,44625708203,1
2017-04-18,41839319670,1
2017-04-19,42043841605,1
2017-04-20,41369597621,1
2017-04-21,31586853626,1
2017-04-24,33842694024,1
2017-04-25,33199991433,1
2017-04-26,39153428530,1
2017-04-27,46052734829,1
2017-04-28,34872987668,1
2017-05-02,36703848621,1
2017-05-03,36048845786,1
2017-05-04,39782355780,1
2017-05-05,34120141258,1
2017-05-08,33883114258,1
2017-05-09,27563777986,1
2017-05-10,31411587002,1
2017-05-11,32719723943,1
2017-05-12,29141692287,1
2017-05-15,26928687410,1
2017-05-16,40805952874,1
2017-05-17,38811303127,1
2017-05-18,31909845371,1
2017-05-19,27449805631,1
2017-05-22,30688256531,1
2017-05-23,33596905136,1
2017-05-24,27889020393,1
2017-05-25,38392194219,1
2017-05-26,29312977961,1
2017-05-31,32219517005,1
2017-06-01,28716121448,1
2017-06-02,28283226430,1
2017-06-05,26506203489,1
2017-06-06,24415238302,1
2017-06-07,40258673958,1
2017-06-08,35859461005,1
2017-06-09,33579692338,1
2017-06-12,33260988042,1
2017-06-13,31620705052,1
2017-06-14,32298804396,1
2017-06-15,34580282942,1
2017-06-16,28715050262,1
2017-06-19,30559817265,1
2017-06-20,34482526121,1
2017-06-21,35497374172,1
2017-06-22,45486228992,1
2017-06-23,36692141579,1
2017-06-26,47253438830,1
2017-06-27,37727971682,1
2017-06-28,37244300725,1
2017-06-29,35090115135,1
2017-06-30,30893674578,1
2017-07-03,35923525813,1
2017-07-04,37305918321,1
2017-07-05,39309453276,1
2017-07-06,46300202456,1
2017-07-07,42922592237,1
2017-07-10,49459901339,1
2017-07-11,45185358306,1
2017-07-12,44946390563,1
2017-07-13,44938573310,1
2017-07-14,37062040980,1
2017-07-17,55064204741,1
2017-07-18,39353812807,1
2017-07-19,56125643906,1
2017-07-20,53074933808,1
2017-07-21,46582927653,1
2017-07-24,53159428178,1
2017-07-25,46048860646,1
2017-07-26,49004527996,1
2017-07-27,55105845540,1
2017-07-28,44379171738,1
2017-07-31,58701996175,1
2017-08-01,56953015654,1
2017-08-02,62979265467,1
2017-08-03,54610670819,1
2017-08-04,59538993642,1
2017-08-07,48612045314,1
2017-08-08,54815055910,1
2017-08-09,53606704107,1
2017-08-10,53585851203,1
2017-08-11,53589625249,1
2017-08-14,48992713368,1
2017-08-15,45178799332,1
2017-08-16,47999078376,1
2017-08-17,54730450287,1
2017-08-18,46156891845,1
2017-08-21,47088823016,1
2017-08-22,48333840765,1
2017-08-23,43620298451,1
2017-08-24,38124347032,-1
2017-08-25,46109456475,-1
2017-08-28,68162085926,1
2017-08-29,55549068775,1
2017-08-30,56821346732,1
2017-08-31,56219242023,1
2017-09-01,65394589347,1
2017-09-04,66118306512,1
2017-09-05,54435934358,1
2017-09-06,63839974397,1
2017-09-07,63233745678,1
2017-09-08,54471723863,1
2017-09-11,62663280198,1
2017-09-12,81294846862,1
2017-09-13,55798828506,1
2017-09-14,61350280807,1
2017-09-15,58454480758,1
2017-09-18,54341948995,1
2017-09-19,56125597827,1
2017-09-20,57826352209,1
2017-09-21,55877515626,1
2017-09-22,47197586204,1
2017-09-25,44308720354,1
2017-09-26,37454031361,-1
2017-09-27,41668594349,-1
2017-09-28,42910990721,-1
2017-09-29,39609275367,-1
2017-10-09,65085489574,-1
2017-10-10,56901150356,-1
2017-10-11,53912046662,-1
2017-10-12,47069432427,-1
2017-10-13,42552610936,-1
2017-10-16,54770718482,-1
2017-10-17,36356847368,-1
2017-10-18,40939794948,-1
2017-10-19,41143982307,-1
2017-10-20,34673693781,-1
2017-10-23,37653657030,-1
2017-10-24,36610110467,-1
2017-10-25,40143893110,-1
2017-10-26,56532923300,-1
2017-10-27,47520741828,-1
2017-10-30,57506049981,-1
2017-10-31,44915687958,-1
2017-11-01,50183290372,-1
2017-11-02,45010920590,-1
2017-11-03,44232684910,-1
2017-11-06,49369876339,-1
2017-11-07,56062336184,-1
2017-11-08,59151657550,-1
2017-11-09,51125871661,-1
2017-11-10,61606176395,-1
2017-11-13,67836269721,1
2017-11-14,64994744239,1
2017-11-15,53567409947,1
2017-11-16,52358712439,1
2017-11-17,60791226473,1
2017-11-20,52046121541,1
2017-11-21,65173486517,1
2017-11-22,66391937299,1
2017-11-23,61746493949,1
2017-11-24,42702679226,1
2017-11-27,41811557058,1
2017-11-28,39074456239,1
2017-11-29,49039933229,1
2017-11-30,41763810724,1
2017-12-01,38560257297,1
2017-12-04,38473216824,1
2017-12-05,39837026657,1
2017-12-06,40391951307,1
2017-12-07,34661886577,1
2017-12-08,35548464775,1
2017-12-11,39339620238,1
2017-12-12,38742861913,1
2017-12-13,35179900524,1
2017-12-14,38287276074,1
2017-12-15,35660599657,1
2017-12-18,32294545280,1
2017-12-19,32785412029,1
2017-12-20,36938794166,1
2017-12-21,39678717619,1
2017-12-22,33698541417,1
2017-12-25,38541944926,1
2017-12-26,35244316999,1
2017-12-27,42065228420,1
2017-12-28,43724980386,1
2017-12-29,33600355887,1
2018-01-02,46909219973,1
2018-01-03,55040131828,1
2018-01-04,50915770579,1
2018-01-05,51902452714,1
2018-01-08,61786376041,1
2018-01-09,52698816267,1
2018-01-10,57118764907,1
2018-01-11,50896562907,1
2018-01-12,47070424972,1
2018-01-15,63478752150,1
2018-01-16,58709128987,1
2018-01-17,68150926599,1
2018-01-18,55625200381,1
2018-01-19,59537086464,1
2018-01-22,56082123522,1
2018-01-23,59482647619,1
2018-01-24,70844568244,1
2018-01-25,64927416176,1
2018-01-26,55964611563,1
2018-01-29,63961618353,1
2018-01-30,48507581923,1
2018-01-31,50531844994,1
2018-02-01,52579778096,1
2018-02-02,45807739644,1
2018-02-05,48030624579,1
2018-02-06,52683112582,1
2018-02-07,57142993300,1
2018-02-08,40853752052,1
2018-02-09,44213322194,1
2018-02-12,29740989433,-1
2018-02-13,29166713625,-1
2018-02-14,17894657885,-1
2018-02-22,35330548418,-1
2018-02-23,32253540116,-1
2018-02-26,49078052776,-1
2018-02-27,44034485142,-1
2018-02-28,40797231169,-1
2018-03-01,41306118179,-1
2018-03-02,38260797257,-1
2018-03-05,34819043123,-1
2018-03-06,50536841549,-1
2018-03-07,39259117270,-1
2018-03-08,36262595762,-1
2018-03-09,46559071007,-1
2018-03-12,59375337658,-1
2018-03-13,46527423675,-1
2018-03-14,42522177084,-1
2018-03-15,40299068885,-1
2018-03-16,36576896491,-1
2018-03-19,37736127641,-1
2018-03-20,36511971437,-1
2018-03-21,44317505705,-1
2018-03-22,37393426446,-1
2018-03-23,49041944221,-1
2018-03-26,42573830687,-1
2018-03-27,48169617939,-1
2018-03-28,41178866746,-1
2018-03-29,44763024606,-1
2018-03-30,42709348597,-1
2018-04-02,51883943635,-1
2018-04-03,39341672982,-1
2018-04-04,36709296106,-1
2018-04-09,37951507202,-1
2018-04-10,40561609670,-1
2018-04-11,39865104465,-1
2018-04-12,33589410294,-1
2018-04-13,31397337857,-1
2018-04-16,38626650968,-1
2018-04-17,37757554753,-1
2018-04-18,41895167668,-1
2018-04-19,40274125944,-1
2018-04-20,36606418494,-1
2018-04-23,34482342274,-1
2018-04-24,39215586552,-1
2018-04-25,34539068435,-1
2018-04-26,35909394284,-1
2018-04-27,33684788421,-1
2018-05-02,31662487581,-1
2018-05-03,33765014878,-1
2018-05-04,29234020429,-1
2018-05-07,37736990832,-1
2018-05-08,39091736499,-1
2018-05-09,31570856534,-1
2018-05-10,35312726672,-1
2018-05-11,33345599322,-1
2018-05-14,34283857346,-1
2018-05-15,31822282723,-1
2018-05-16,34224156306,-1
2018-05-17,29170193935,-1
2018-05-18,31423372653,-1
2018-05-21,42249809154,1
2018-05-22,37053633968,1
2018-05-23,37130732373,1
2018-05-24,30953422225,1
2018-05-25,29955866972,1
2018-05-28,30911652254,1
2018-05-29,32442003385,1
2018-05-30,32040455305,1
2018-05-31,31015088103,1
2018-06-01,26802441459,1
2018-06-04,25631604421,1
2018-06-05,29316090995,1
2018-06-06,27286313547,1
2018-06-07,28605296895,1
2018-06-08,25584349052,1
2018-06-11,22570515956,1
2018-06-12,27113751120,1
2018-06-13,24191706417,1
2018-06-14,25237903281,1
2018-06-15,25252781479,1
2018-06-19,34382492250,1
2018-06-20,25146170248,1
2018-06-21,26427984255,1
2018-06-22,20839238691,1
2018-06-25,21661356506,1
2018-06-26,24055009564,1
2018-06-27,23409015743,1
2018-06-28,20883501855,1
2018-06-29,25982605653,1
2018-07-02,26366676553,1
2018-07-03,30045256762,1
2018-07-04,20040326862,1
2018-07-05,20737214710,1
2018-07-06,25533798736,1
2018-07-09,23549655901,1
2018-07-10,22914232349,1
2018-07-11,22548455750,1
2018-07-12,31874813084,1
2018-07-13,24632402149,1
2018-07-16,23664890675,1
2018-07-17,23178100637,1
2018-07-18,24254809395,1
2018-07-19,21636492138,1
2018-07-20,27199795354,1
2018-07-23,33257187647,1
2018-07-24,42457532467,1
2018-07-25,31597593737,1
2018-07-26,29361194049,1
2018-07-27,22087452106,1
2018-07-30,24655947212,1
2018-07-31,19851074918,1
2018-08-01,25306107061,1
2018-08-02,28321331804,1
2018-08-03,18964109209,1
2018-08-06,21027451350,1
2018-08-07,24386669597,1
2018-08-08,22023555179,1
2018-08-09,27947153643,1
2018-08-10,20756703812,1
2018-08-13,24322798261,1
2018-08-14,20462134408,1
2018-08-15,21159450356,1
2018-08-16,21579039020,1
2018-08-17,19546920962,1
2018-08-20,19583721615,1
2018-08-21,20615679977,1
2018-08-22,15853225603,1
2018-08-23,20332762370,1
2018-08-24,17671680530,1
2018-08-27,26325894136,1
2018-08-28,22300440052,1
2018-08-29,19308638885,1
2018-08-30,19220765239,1
2018-08-31,17344340394,1
2018-09-03,17707821104,1
2018-09-04,21736270147,1
2018-09-05,19372426694,1
2018-09-06,18901568459,1
2018-09-07,19928383772,1
2018-09-10,17478393088,1
2018-09-11,15588485280,1
2018-09-12,15809169948,1
2018-09-13,20488278522,1
2018-09-14,16651599055,1
2018-09-17,14189395709,1
2018-09-18,20370907981,1
2018-09-19,23815419962,1
2018-09-20,17388766578,1
2018-09-21,26467159177,1
2018-09-25,21156329744,1
2018-09-26,25391674583,1
2018-09-27,20996279657,1
2018-09-28,19891423890,1
2018-10-08,27567714406,1
2018-10-09,17809421331,1
2018-10-10,17973823292,1
2018-10-11,26649803148,1
2018-10-12,21213486366,1
2018-10-15,16427870065,1
2018-10-16,16888582791,1
2018-10-17,19094264289,1
2018-10-18,15475186397,1
2018-10-19,20830792953,1
2018-10-22,35525650662,1
2018-10-23,29157373405,1
2018-10-24,24093045397,1
2018-10-25,23379622716,1
2018-10-26,21937646073,1
2018-10-29,20421740049,1
2018-10-30,24804320613,1
2018-10-31,24314029354,1
2018-11-01,31035129958,1
2018-11-02,35535268192,1
2018-11-05,31643114364,1
2018-11-06,23798554494,1
2018-11-07,26435076793,1
2018-11-08,21927931355,1
2018-11-09,20083200574,1
2018-11-12,26386953036,1
2018-11-13,37697850090,1
2018-11-14,32518068827,1
2018-11-15,32131651219,1
2018-11-16,39682042658,1
2018-11-19,38837033060,1
2018-11-20,35683975820,1
2018-11-21,27200107766,1
2018-11-22,23010056907,1
2018-11-23,24640377438,1
2018-11-26,17881157486,1
2018-11-27,17982169361,1
2018-11-28,22332849379,1
2018-11-29,22708938201,1
2018-11-30,18306579192,1
2018-12-03,34911168543,1
2018-12-04,25735866753,1
2018-12-05,24265916959,1
2018-12-06,24383335365,1
2018-12-07,16603385699,1
2018-12-10,17224986995,1
2018-12-11,14908165875,1
2018-12-12,15366764372,1
2018-12-13,24135074205,1
2018-12-14,20220564215,1
2018-12-17,17459887264,1
2018-12-18,16428564880,1
2018-12-19,14254726236,1
2018-12-20,17818288853,1
2018-12-21,15809484152,1
2018-12-24,14529628708,1
2018-12-25,19901334648,1
2018-12-26,15507150505,1
2018-12-27,18249735989,1
2018-12-28,14005950579,1
2019-01-02,15861748429,1
2019-01-03,16769755580,1
2019-01-04,25342930593,1
2019-01-07,26648717668,1
2019-01-08,21518734714,1
2019-01-09,29025339037,1
2019-01-10,22078000725,1
2019-01-11,20024729427,1
2019-01-14,19250316010,1
2019-01-15,23990430049,1
2019-01-16,21203739479,1
2019-01-17,21867075575,1
2019-01-18,24106134524,1
2019-01-21,24433293661,1
2019-01-22,21233124358,1
2019-01-23,16761235120,1
2019-01-24,22051051105,1
2019-01-25,21497308000,1
2019-01-28,22116004241,1
2019-01-29,20768767679,1
2019-01-30,15961589684,1
2019-01-31,20181453497,1
2019-02-01,18086473752,1
2019-02-11,29114767251,1
2019-02-12,31987548078,1
2019-02-13,44982031097,1
2019-02-14,37886335177,1
2019-02-15,38100989065,1
2019-02-18,50736926185,1
2019-02-19,56572810057,1
2019-02-20,45922365464,1
2019-02-21,58091114163,1
2019-02-22,61434161075,1
2019-02-25,110186571236,1
2019-02-26,114074467270,1
2019-02-27,91143092173,1
2019-02-28,61608408706,1
2019-03-01,64947708539,1
2019-03-04,111266686329,1
2019-03-05,92628945650,1
2019-03-06,115793679924,1
2019-03-07,124933529129,1
2019-03-08,114624324596,1
2019-03-11,95888423316,1
2019-03-12,115252424293,1
2019-03-13,101320749077,1
2019-03-14,73871696904,1
2019-03-15,69892558165,1
2019-03-18,84542216790,1
2019-03-19,78215218723,1
2019-03-20,78524745910,1
2019-03-21,94235477014,1
2019-03-22,78305745224,1
2019-03-25,83384615380,1
2019-03-26,69975447498,1
2019-03-27,61044076824,1
2019-03-28,61963692000,1
2019-03-29,84278742120,1
2019-04-01,110992478805,1
2019-04-02,109717072338,1
2019-04-03,98239235579,1
2019-04-04,106658404303,1
2019-04-08,118046237162,1
2019-04-09,85617814433,1
2019-04-10,91632134527,1
2019-04-11,77524754266,1
2019-04-12,59202045890,1
2019-04-15,76287063062,1
2019-04-16,80905925179,1
2019-04-17,81025513326,1
2019-04-18,73610274392,1
2019-04-19,74397193678,1
2019-04-22,83438224468,1
2019-04-23,65373760498,1
2019-04-24,61760186765,1
2019-04-25,63661553866,1
2019-04-26,53344620819,1
2019-04-29,49351535358,1
2019-04-30,37495394039,1
2019-05-06,54771229710,1
2019-05-07,39837490328,1
2019-05-08,36468606690,1
2019-05-09,32279078364,1
2019-05-10,53863544860,1
2019-05-13,36410382273,1
2019-05-14,32831893390,1
2019-05-15,43014341142,1
2019-05-16,41979883275,1
2019-05-17,41904910286,1
2019-05-20,34944672165,1
2019-05-21,38188348533,1
2019-05-22,34605817468,1
2019-05-23,33668781720,1
2019-05-24,26113723455,1
2019-05-27,38882898294,1
2019-05-28,37179865031,1
2019-05-29,35123775369,1
2019-05-30,33346154431,1
2019-05-31,31186539730,1
2019-06-03,32600727242,1
2019-06-04,27618146244,1
2019-06-05,29133941560,1
2019-06-06,26117821355,1
2019-06-10,27482458023,1
2019-06-11,47571016865,1
2019-06-12,41268603105,1
2019-06-13,34083851686,1
2019-06-14,30329200608,1
2019-06-17,23373957498,1
2019-06-18,21245289850,1
2019-06-19,41551281981,1
2019-06-20,52736705960,1
2019-06-21,50359669158,1
2019-06-24,40394604616,1
2019-06-25,42725244765,1
2019-06-26,28435531065,1
2019-06-27,38833712508,1
2019-06-28,31507754443,1
2019-07-01,59203520129,1
2019-07-02,43374902843,1
2019-07-03,41615818003,1
2019-07-04,34278497674,1
2019-07-05,28357704539,1
2019-07-08,36580126280,1
2019-07-09,25234960754,1
2019-07-10,23896472041,1
2019-07-11,26166690066,1
2019-07-12,24138947695,1
2019-07-15,34865495739,1
2019-07-16,26108748918,1
2019-07-17,31204068379,1
2019-07-18,27081626325,1
2019-07-19,27241108193,1
2019-07-22,26744966506,1
2019-07-23,21716804600,1
2019-07-24,30400505559,1
2019-07-25,30916361353,1
2019-07-26,25692272650,1
2019-07-29,26744891267,1
2019-07-30,30624816911,1
2019-07-31,26878488962,1
2019-08-01,27029024227,1
2019-08-02,32660926707,1
2019-08-05,30735237370,1
2019-08-06,36418659490,1
2019-08-07,23288727575,1
2019-08-08,24219472901,1
2019-08-09,24754036705,1
2019-08-12,26361504549,1
2019-08-13,24872368875,1
2019-08-14,30813334442,1
2019-08-15,29055211233,1
2019-08-16,33315179913,1
2019-08-19,56634634270,1
2019-08-20,47525140655,1
2019-08-21,39562061190,1
2019-08-22,38569636206,1
2019-08-23,40250523153,1
2019-08-26,40726564720,1
2019-08-27,49765651853,1
2019-08-28,43516678764,1
2019-08-29,41727907616,1
2019-08-30,48421954668,1
2019-09-02,51179387694,1
2019-09-03,51709265227,1
2019-09-04,58281329378,1
2019-09-05,81584104259,1
2019-09-06,60277018894,1
2019-09-09,75899466886,1
2019-09-10,71416847314,1
2019-09-11,63963268934,1
2019-09-12,50312056996,1
2019-09-16,59269581186,1
2019-09-17,54754249209,1
2019-09-18,43545154403,1
2019-09-19,45954335470,1
2019-09-20,48366466440,1
2019-09-23,47651793639,1
2019-09-24,52801665320,1
2019-09-25,46644866710,1
2019-09-26,45239719839,1
2019-09-27,32480330270,1
2019-09-30,25709894919,-1
2019-10-08,33389866684,-1
2019-10-09,31090290752,-1
2019-10-10,37737851936,-1
2019-10-11,41169958416,-1
2019-10-14,53308416682,-1
2019-10-15,39463423142,-1
2019-10-16,37370354731,-1
2019-10-17,30480453149,-1
2019-10-18,34546730427,-1
2019-10-21,28877185844,-1
2019-10-22,29413812681,-1
2019-10-23,30825496447,-1
2019-10-24,30255847664,-1
2019-10-25,36946577859,-1
2019-10-28,50325903084,-1
2019-10-29,47895861307,-1
2019-10-30,39013879386,-1
2019-10-31,37355882526,-1
2019-11-01,39027252773,-1
2019-11-04,43739598662,-1
2019-11-05,44677855867,-1
2019-11-06,41087918741,-1
2019-11-07,36192260614,-1
2019-11-08,41383417738,-1
2019-11-11,36048075414,-1
2019-11-12,30244644274,-1
2019-11-13,30869411337,-1
2019-11-14,34229446250,-1
2019-11-15,33299738686,-1
2019-11-18,30834678496,-1
2019-11-19,37985892346,-1
2019-11-20,38261069915,-1
2019-11-21,30987521530,-1
2019-11-22,41386160295,-1
2019-11-25,36159543424,-1
2019-11-26,28175661371,-1
2019-11-27,30817390463,-1
2019-11-28,25997316089,-1
2019-11-29,29120195838,-1
2019-12-02,29182347488,-1
2019-12-03,30224834405,-1
2019-12-04,31996739293,-1
2019-12-05,39778622231,-1
2019-12-06,37600902913,-1
2019-12-09,44585247710,1
2019-12-10,42536477349,1
2019-12-11,43536466000,1
2019-12-12,40901626793,1
2019-12-13,52880930051,1
2019-12-16,66906082012,1
2019-12-17,82057220745,1
2019-12-18,70728292626,1
2019-12-19,57244945126,1
2019-12-20,54889277577,1
2019-12-23,51448384233,1
2019-12-24,44125629029,1
2019-12-25,51707302736,1
2019-12-26,53858304370,1
2019-12-27,64822717192,1
2019-12-30,64367771675,1
2019-12-31,53814700485,1
2020-01-02,82539012929,1
2020-01-03,71729444421,1
2020-01-06,88568896379,1
2020-01-07,75945697969,1
2020-01-08,82298012604,1
2020-01-09,73195507838,1
2020-01-10,63954916473,1
2020-01-13,71818440807,1
2020-01-14,73918729298,1
2020-01-15,63562555676,1
2020-01-16,61447484270,1
2020-01-17,59656001326,1
2020-01-20,74095579248,1
2020-01-21,72504037520,1
2020-01-22,74651072431,1
2020-01-23,78719130086,1
2020-02-03,48672354309,-1
2020-02-04,83083956030,-1
2020-02-05,83119932163,-1
2020-02-06,93986906996,-1
2020-02-07,93076358061,-1
2020-02-10,89087346038,-1
2020-02-11,75408228214,-1
2020-02-12,84812002298,-1
2020-02-13,91939611102,-1
2020-02-14,87274382778,-1
2020-02-17,105486300086,1
2020-02-18,110379208052,1
2020-02-19,113039442694,1
2020-02-20,121775872694,1
2020-02-21,134245098068,1
2020-02-24,139560884682,1
2020-02-25,160434892732,1
2020-02-26,146146370743,1
2020-02-27,107455613486,1
2020-02-28,103566411826,1
2020-03-02,110764070677,1
2020-03-03,127727484943,1
2020-03-04,100327175234,1
2020-03-05,128768592538,1
2020-03-06,95230814384,1
2020-03-09,105083674292,1
2020-03-10,109611343113,1
2020-03-11,95173288848,1
2020-03-12,78170796096,1
2020-03-13,88383509810,1
2020-03-16,83041275254,1
2020-03-17,74330079157,1
2020-03-18,75211242349,1
2020-03-19,75162068706,1
2020-03-20,61521898194,1
2020-03-23,55065092231,1
2020-03-24,60616927949,1
2020-03-25,70011925701,1
2020-03-26,54364932871,1
2020-03-27,54436920766,1
2020-03-30,52151936633,1
2020-03-31,46432894002,1
2020-04-01,48710962200,1
2020-04-02,52971914519,1
2020-04-03,46648849222,1
2020-04-07,69694644226,1
2020-04-08,58597505923,1
2020-04-09,62315173055,1
2020-04-10,57865362436,1
2020-04-13,43009064895,1
2020-04-14,50488984731,1
2020-04-15,55784485353,1
2020-04-16,51931635465,1
2020-04-17,67320212861,1
2020-04-20,55214582593,1
2020-04-21,57826192806,1
2020-04-22,53533970197,1
2020-04-23,57848964347,1
2020-04-24,49677866244,1
2020-04-27,45625224022,1
2020-04-28,56968371863,1
2020-04-29,47067207502,1
2020-04-30,63063062676,1
2020-05-06,69252060623,1
2020-05-07,61957974250,1
2020-05-08,65304018514,1
2020-05-11,64397022871,1
2020-05-12,53448114418,1
2020-05-13,51730885863,1
2020-05-14,54007581868,1
2020-05-15,56176405538,1
2020-05-18,65309733660,1
2020-05-19,60432993470,1
2020-05-20,60369883033,1
2020-05-21,53041224163,1
2020-05-22,47916429512,1
2020-05-25,38115176700,-1
2020-05-26,43012556791,-1
2020-05-27,45756894221,-1
2020-05-28,46913264582,-1
2020-05-29,44547081107,-1
2020-06-01,72397430034,-1
2020-06-02,68719084731,-1
2020-06-03,70365341550,-1
2020-06-04,57344727099,-1
2020-06-05,54231386316,-1
2020-06-08,61365791784,-1
2020-06-09,54943336587,-1
2020-06-10,53376826223,-1
2020-06-11,65566298695,-1
2020-06-12,58802886585,-1
2020-06-15,68177014964,-1
2020-06-16,67854964399,-1
2020-06-17,67827898862,-1
2020-06-18,74003885515,-1
2020-06-19,75288104000,-1
2020-06-22,86250425694,1
2020-06-23,75435867799,1
2020-06-24,68707472565,1
2020-06-29,70750085702,1
2020-06-30,86343379274,1
2020-07-01,103688941740,1
2020-07-02,117451460679,1
2020-07-03,131804167597,1
2020-07-06,188140120676,1
2020-07-07,203584969596,1
2020-07-08,186774747999,1
2020-07-09,210142167604,1
2020-07-10,188833244510,1
2020-07-13,203457767292,1
2020-07-14,192457324640,1
2020-07-15,167412485806,1
2020-07-16,148118003411,1
2020-07-17,101779265045,1
2020-07-20,123294402781,1
2020-07-21,110083431946,1
2020-07-22,124395625105,1
2020-07-23,129908129029,1
2020-07-24,125798640145,1
2020-07-27,87366697870,1
2020-07-28,84028037230,1
2020-07-29,109766036616,1
2020-07-30,111475658117,1
2020-07-31,118140759075,1
2020-08-03,148381919079,1
2020-08-04,143579444589,1
2020-08-05,126801358896,1
2020-08-06,137962524642,1
2020-08-07,126490522068,1
2020-08-10,119365054864,1
2020-08-11,108844698697,1
2020-08-12,97011275712,1
2020-08-13,79913734516,1
2020-08-14,76081504413,1
2020-08-17,124170754941,1
2020-08-18,108270044137,1
2020-08-19,106797262642,1
2020-08-20,75349988348,1
2020-08-21,77148745432,1
2020-08-24,82195780823,1
2020-08-25,81184583148,1
2020-08-26,82891753924,1
2020-08-27,71692762662,1
2020-08-28,86614652851,1
2020-08-31,101937415844,1
2020-09-01,75789258235,1
2020-09-02,89806314106,1
2020-09-03,80626599769,1
2020-09-04,69166684611,1
2020-09-07,85255058114,1
2020-09-08,74827303783,1
2020-09-09,79749322894,1
2020-09-10,61939209248,1
2020-09-11,51941870882,1
2020-09-14,55772840271,1
2020-09-15,57952898946,1
2020-09-16,52995970475,1
2020-09-17,63359763924,1
2020-09-18,72379634548,1
2020-09-21,63487276584,1
2020-09-22,58509387186,1
2020-09-23,55713029145,1
2020-09-24,53692818906,1
2020-09-25,44176523083,1
2020-09-28,38577647843,1
2020-09-29,41917971648,1
2020-09-30,37622466878,1
2020-10-09,64475920373,1
2020-10-12,93037091902,1
2020-10-13,78647650347,1
2020-10-14,68792889860,1
2020-10-15,63087802602,1
2020-10-16,55024074641,1
2020-10-19,61562886845,1
2020-10-20,53783756472,1
2020-10-21,54345132521,1
2020-10-22,53741281402,1
2020-10-23,55051203269,1
2020-10-26,51133082776,1
2020-10-27,45118868310,1
2020-10-28,58735182500,1
2020-10-29,64147924409,1
2020-10-30,68983102528,1
2020-11-02,64520077289,1
2020-11-03,65260571035,1
2020-11-04,60106665177,1
2020-11-05,78361476154,1
2020-11-06,78011021007,1
2020-11-09,105601991402,1
2020-11-10,87451647859,1
2020-11-11,76361386296,1
2020-11-12,60533217459,1
2020-11-13,63589754455,1
2020-11-16,70522216190,1
2020-11-17,75739153456,1
2020-11-18,71952629255,1
2020-11-19,63854254055,1
2020-11-20,64434658727,1
2020-11-23,93979779544,1
2020-11-24,77840719161,1
2020-11-25,79644685697,1
2020-11-26,62088321829,1
2020-11-27,62245254304,1
2020-11-30,91491838570,1
2020-12-01,83762643745,1
2020-12-02,84759725721,1
2020-12-03,76671480053,1
2020-12-04,67870129043,1
2020-12-07,70069362721,1
2020-12-08,62135402673,1
2020-12-09,68892666869,1
2020-12-10,59285032232,1
2020-12-11,64686509083,1
2020-12-14,57810832530,1
2020-12-15,58657260909,1
2020-12-16,57944752187,1
2020-12-17,70843926883,1
2020-12-18,69563791175,1
2020-12-21,83712486621,1
2020-12-22,90357854121,1
2020-12-23,86384490281,1
2020-12-24,77350970640,1
2020-12-25,76609906404,1
2020-12-28,78772445818,1
2020-12-29,73556354350,1
2020-12-30,78141184124,1
2020-12-31,91163348668,1
2021-01-04,123371313764,1
2021-01-05,129419725602,1
2021-01-06,112625945762,1
2021-01-07,121456750785,1
2021-01-08,108823838766,1
2021-01-11,118276809012,1
2021-01-12,116010186951,1
2021-01-13,129997031325,1
2021-01-14,112629476736,1
2021-01-15,99483475124,1
2021-01-18,101188909588,1
2021-01-19,101829059472,1
2021-01-20,88937168428,1
2021-01-21,112542735477,1
2021-01-22,111549464845,1
2021-01-25,124869306148,1
2021-01-26,94749944151,1
2021-01-27,83953587233,1
2021-01-28,82710105159,1
2021-01-29,80343405123,1
2021-02-01,72378631450,1
2021-02-02,81325273096,1
2021-02-03,89004034902,1
2021-02-04,83001467508,1
2021-02-05,78850430483,1
2021-02-08,69989328587,1
2021-02-09,82011617527,1
2021-02-10,82137312780,1
2021-02-18,117597800121,1
2021-02-19,106226515399,1
2021-02-22,134063837401,1
2021-02-23,92080535544,1
2021-02-24,97936589671,1
2021-02-25,84706565637,1
2021-02-26,74608964874,1
2021-03-01,73706192255,1
2021-03-02,79193688558,1
2021-03-03,73268022516,1
2021-03-04,83098710723,1
2021-03-05,72335239669,1
2021-03-08,83427432256,1
2021-03-09,75789294918,1
2021-03-10,55347392883,1
2021-03-11,67909950028,1
2021-03-12,66132261320,1
2021-03-15,69355122382,1
2021-03-16,58947645109,1
2021-03-17,58524133426,1
2021-03-18,59883900589,1
2021-03-19,60784601406,1
2021-03-22,62353117078,1
2021-03-23,60729264132,1
2021-03-24,60059577875,1
2021-03-25,48880257662,1
2021-03-26,58745674007,1
2021-03-29,60266415982,1
2021-03-30,58190349265,1
2021-03-31,53646511674,1
2021-04-01,54737362726,1
2021-04-02,61089925675,1
2021-04-06,59679016162,1
2021-04-07,61483079547,1
2021-04-08,62346411589,1
2021-04-09,54941907280,1
2021-04-12,60335802271,1
2021-04-13,49487393055,-1
2021-04-14,52415471737,-1
2021-04-15,51199411311,-1
2021-04-16,53004521601,-1
2021-04-19,74121023492,1
2021-04-20,71179539394,1
2021-04-21,60262452331,1
2021-04-22,61689386919,1
2021-04-23,65240198863,1
2021-04-26,80835531423,1
2021-04-27,61973062934,1
2021-04-28,68802621772,1
2021-04-29,70789380183,1
2021-04-30,72466313361,1
2021-05-06,78916749343,1
2021-05-07,77852564767,1
2021-05-10,74932634932,1
2021-05-11,72812651478,1
2021-05-12,65558794228,1
2021-05-13,67852805384,1
2021-05-14,83221330905,1
2021-05-17,83831063709,1
2021-05-18,72677560625,1
2021-05-19,77865324504,1
2021-05-20,75447656895,1
2021-05-21,68962527038,1
2021-05-24,73967996039,1
2021-05-25,91620358405,1
2021-05-26,90771050115,1
2021-05-27,85370036618,1
2021-05-28,94215901170,1
2021-05-31,95044452743,1
2021-06-01,95349068959,1
2021-06-02,87943241797,1
2021-06-03,83780543663,1
2021-06-04,81514324033,1
2021-06-07,84865273772,1
2021-06-08,86110645055,1
2021-06-09,73152748417,1
2021-06-10,87981706774,1
2021-06-11,94962541759,1
2021-06-15,85258258623,1
2021-06-16,73551008366,1
2021-06-17,77280659625,1
2021-06-18,89463959533,1
2021-06-21,88562731033,1
2021-06-22,86844364164,1
2021-06-23,96553014771,1
2021-06-24,84339919184,1
2021-06-25,93901769687,1
2021-06-28,96064050819,1
2021-06-29,85909121307,1
2021-06-30,89553023985,1
2021-07-01,93423827242,1
2021-07-02,83768426713,1
2021-07-05,85140899406,1
2021-07-06,95309473637,1
2021-07-07,95309613202,1
2021-07-08,108732539887,1
2021-07-09,99922891098,1
2021-07-12,123355406071,1
2021-07-13,112487048969,1
2021-07-14,106806246278,1
2021-07-15,103305725850,1
2021-07-16,109155593272,1
2021-07-19,97223234754,1
2021-07-20,80629691287,1
2021-07-21,115481138145,1
2021-07-22,120202483588,1
2021-07-23,125919151536,1
2021-07-26,125532837423,1
2021-07-27,134711335005,1
2021-07-28,94020840186,1
2021-07-29,107418619180,1
2021-07-30,114081942867,1
2021-08-02,139758949808,1
2021-08-03,119993105528,1
2021-08-04,116547446524,1
2021-08-05,114889289664,1
2021-08-06,110048207312,1
2021-08-09,112036430752,1
2021-08-10,113420716502,1
2021-08-11,111478400248,1
2021-08-12,114144137620,1
2021-08-13,110641680637,1
2021-08-16,103400292598,1
2021-08-17,103717423574,1
2021-08-18,100659061819,1
2021-08-19,99981647277,1
2021-08-20,99409568148,1
2021-08-23,116604765931,1
2021-08-24,124833450670,1
2021-08-25,111268180181,1
2021-08-26,118550255045,1
2021-08-27,112444619629,1
2021-08-30,140077609101,1
2021-08-31,127659915287,1
2021-09-01,151156037340,1
2021-09-02,125292318637,1
2021-09-03,136012896197,1
2021-09-06,125378808538,1
2021-09-07,128643297666,1
2021-09-08,135729368133,1
2021-09-09,130451756880,1
2021-09-10,143423100085,1
2021-09-13,134281105228,1
2021-09-14,125695584957,1
2021-09-15,113217289529,1
2021-09-16,117893553952,1
2021-09-17,106824884932,1
2021-09-22,97996811905,-1
2021-09-23,107851121574,-1
2021-09-24,97571733868,-1
2021-09-27,103503680511,-1
2021-09-28,74454301597,-1
2021-09-29,77384243150,-1
2021-09-30,65832567284,-1
2021-10-08,84485066537,-1
2021-10-11,74349293380,-1
2021-10-12,70555777489,-1
2021-10-13,67160775174,-1
2021-10-14,65976919681,-1
2021-10-15,70292622196,-1
2021-10-18,76646779466,-1
2021-10-19,73836930343,-1
2021-10-20,80122235427,-1
2021-10-21,75601812228,-1
2021-10-22,73561109492,-1
2021-10-25,80030367979,-1
2021-10-26,83278313379,-1
2021-10-27,81649143596,-1
2021-10-28,78874179591,-1
2021-10-29,82951763995,-1
2021-11-01,89757672037,1
2021-11-02,91528920871,1
2021-11-03,69306303766,1
2021-11-04,82149529998,1
2021-11-05,81890834124,1
2021-11-08,74971754943,1
2021-11-09,76157700490,1
2021-11-10,82101473499,1
2021-11-11,85109516281,1
2021-11-12,82899894624,1
2021-11-15,83697367289,1
2021-11-16,77462984257,1
2021-11-17,75093548826,1
2021-11-18,81195704408,1
2021-11-19,82016971032,1
2021-11-22,99740515640,1
2021-11-23,93471154092,1
2021-11-24,92663783601,1
2021-11-25,83487555198,1
2021-11-26,80752325957,1
2021-11-29,86077046609,1
2021-11-30,88616490927,1
2021-12-01,81085601585,1
2021-12-02,80916530328,1
2021-12-03,82432207772,1
2021-12-06,89987170889,1
2021-12-07,85354687532,1
2021-12-08,82661985683,1
2021-12-09,96648542656,1
2021-12-10,85159495859,1
2021-12-13,96600921539,1
2021-12-14,82617690514,1
2021-12-15,82942940866,1
2021-12-16,82677916446,1
2021-12-17,80613894821,1
2021-12-20,77739052353,1
2021-12-21,68627764023,-1
2021-12-22,74283495877,-1
2021-12-23,78314015342,-1
2021-12-24,84139046103,-1
2021-12-27,73135908412,-1
2021-12-28,70473434073,-1
2021-12-29,68129342754,-1
2021-12-30,73225249386,-1
2021-12-31,74238056966,-1
2022-01-04,93032589777,-1
2022-01-05,88498597515,-1
2022-01-06,75470966188,-1
2022-01-07,78489118526,-1
2022-01-10,70377567098,-1
2022-01-11,70080331976,-1
2022-01-12,72865291391,-1
2022-01-13,74658490802,-1
2022-01-14,74360383338,-1
2022-01-17,79516352821,-1
2022-01-18,79709181531,-1
2022-01-19,68965188140,-1
2022-01-20,72486556747,-1
2022-01-21,61868373618,-1
2022-01-24,55121118482,-1
2022-01-25,59696422365,-1
2022-01-26,46139598398,-1
2022-01-27,49301242357,-1
2022-01-28,43870323873,-1
2022-02-07,53378414667,-1
2022-02-08,56776763320,-1
2022-02-09,62518185156,-1
2022-02-10,59802172762,-1
2022-02-11,61643442616,-1
2022-02-14,57186121797,-1
2022-02-15,52448290556,-1
2022-02-16,52139589576,-1
2022-02-17,60873550211,-1
2022-02-18,53048129513,-1
2022-02-21,65110853737,-1
2022-02-22,69722025017,-1
2022-02-23,77264170810,1
2022-02-24,95916330536,1
2022-02-25,70484218088,1
2022-02-28,64725515302,1
2022-03-01,68509343808,1
2022-03-02,62309671550,1
2022-03-03,70308606136,1
2022-03-04,65791422735,1
2022-03-07,69776572670,1
2022-03-08,75838462587,1
2022-03-09,74562794248,1
2022-03-10,69565625518,1
2022-03-11,69008158165,1
2022-03-14,63926230943,1
2022-03-15,71038098049,1
2022-03-16,79714260277,1
2022-03-17,86039518167,1
2022-03-18,64869141393,1
2022-03-21,70568560485,1
2022-03-22,62549698424,1
2022-03-23,63764800927,1
2022-03-24,61499455506,1
2022-03-25,59990114887,1
2022-03-28,54192988634,1
2022-03-29,54437701375,1
2022-03-30,67908203801,1
2022-03-31,65933122833,1
2022-04-01,59318098912,1
2022-04-06,67694386426,1
2022-04-07,58920202584,1
2022-04-08,59640819790,1
2022-04-11,60268197030,1
2022-04-12,58201428003,1
2022-04-13,53792680652,1
2022-04-14,60896952562,1
2022-04-15,59807734918,1
2022-04-18,52278628486,1
2022-04-19,48823352796,-1
2022-04-20,51677674964,-1
2022-04-21,48764042527,-1
2022-04-22,39022001116,-1
2022-04-25,51609191774,-1
2022-04-26,44766103410,-1
2022-04-27,53247744992,-1
2022-04-28,48459293634,-1
2022-04-29,60352761045,-1
2022-05-05,61826488751,-1
2022-05-06,51287361480,-1
2022-05-09,42988909689,-1
2022-05-10,52402747096,-1
2022-05-11,76131303943,1
2022-05-12,50547116652,1
2022-05-13,49400008529,1
2022-05-16,50817899976,1
2022-05-17,53174474017,1
2022-05-18,52082025896,1
2022-05-19,53920494820,1
2022-05-20,65311932325,1
2022-05-23,64152640321,1
2022-05-24,66769697027,1
2022-05-25,49571148520,1
2022-05-26,56229086444,1
2022-05-27,52951774172,1
2022-05-30,53608931875,1
2022-05-31,63699654421,1
2022-06-01,60657071241,1
2022-06-02,61584832721,1
2022-06-06,87143755784,1
2022-06-07,75426485605,1
2022-06-08,82608803955,1
2022-06-09,72551493906,1
2022-06-10,74322425508,1
2022-06-13,84322178564,1
2022-06-14,84911498755,1
2022-06-15,109889639689,1
2022-06-16,85289951496,1
2022-06-17,82739895078,1
2022-06-20,89085525449,1
2022-06-21,78074618114,1
2022-06-22,73653149051,1
2022-06-23,82224365381,1
2022-06-24,87149237670,1
2022-06-27,101126729656,1
2022-06-28,100845018052,1
2022-06-29,101097950196,1
2022-06-30,96257507510,1
2022-07-01,83927622345,1
2022-07-04,89788236256,1
2022-07-05,93212732786,1
2022-07-06,83217582519,1
2022-07-07,80985318305,1
2022-07-08,74832411121,1
2022-07-11,72482602713,1
2022-07-12,66542142902,1
2022-07-13,66423620587,1
2022-07-14,73201991121,1
2022-07-15,74467683914,1
2022-07-18,71408603580,1
2022-07-19,67266172779,1
2022-07-20,67255753843,1
2022-07-21,72528178476,1
2022-07-22,63286992825,1
2022-07-25,54268111258,1
2022-07-26,55305936907,1
2022-07-27,58619747385,1
2022-07-28,68685570105,1
2022-07-29,65519434989,1
2022-08-01,65673925386,1
2022-08-02,72674611600,1
2022-08-03,72666727554,1
2022-08-04,56667222602,1
2022-08-05,68590974430,1
2022-08-08,64714479340,1
2022-08-09,65325703690,1
2022-08-10,66328650507,1
2022-08-11,78244252037,1
2022-08-12,66608984860,1
2022-08-15,68905424246,1
2022-08-16,69260183741,1
2022-08-17,75211168913,1
2022-08-18,72915316081,1
2022-08-19,74061234951,1
2022-08-22,68033561019,1
2022-08-23,68403222674,1
2022-08-24,73107200376,1
2022-08-25,62638054835,1
2022-08-26,55359434324,-1
2022-08-29,50270117138,-1
2022-08-30,49418607755,-1
2022-08-31,56958382624,-1
2022-09-01,43510070847,-1
2022-09-02,42253670916,-1
2022-09-05,45327648967,-1
2022-09-06,55223869547,-1
2022-09-07,54962069084,-1
2022-09-08,47624135181,-1
2022-09-09,46806399280,-1
2022-09-13,48551444244,-1
2022-09-14,45223187637,-1
2022-09-15,56146184774,-1
2022-09-16,46035493936,-1
2022-09-19,36176209198,-1
2022-09-20,39124667096,-1
2022-09-21,36990732214,-1
2022-09-22,37847211005,-1
2022-09-23,37363816870,-1
2022-09-26,36490054704,-1
2022-09-27,37870023771,-1
2022-09-28,33917737472,-1
2022-09-29,33931765638,-1
2022-09-30,26367712384,-1
2022-10-10,35884874900,-1
2022-10-11,30491848733,-1
2022-10-12,44561046888,-1
2022-10-13,43800983283,-1
2022-10-14,56566514333,1
2022-10-17,52250882821,1
2022-10-18,50745554029,1
2022-10-19,47112720752,1
2022-10-20,50063528511,1
2022-10-21,42048456311,1
2022-10-24,61355225986,1
2022-10-25,49603673344,1
2022-10-26,62855335482,1
2022-10-27,60801083740,1
2022-10-28,54153394983,1
2022-10-31,56540014256,1
2022-11-01,66751827120,1
2022-11-02,75780827048,1
2022-11-03,63290450858,1
2022-11-04,84296356296,1
2022-11-07,76636580274,1
2022-11-08,59771551487,1
2022-11-09,56172578057,1
2022-11-10,57842121065,1
2022-11-11,88871740356,1
2022-11-14,74042117944,1
2022-11-15,80864815765,1
2022-11-16,69207343867,1
2022-11-17,68283501157,1
2022-11-18,71141219452,1
2022-11-21,60980402897,1
2022-11-22,63197587138,1
2022-11-23,58278895083,1
2022-11-24,51272570593,1
2022-11-25,47375155804,1
2022-11-28,51564682600,1
2022-11-29,72703025130,1
2022-11-30,64162960940,1
2022-12-01,77587193116,1
2022-12-02,60619392820,1
2022-12-05,82974274884,1
2022-12-06,74286819862,1
2022-12-07,72330673887,1
2022-12-08,61905866724,1
2022-12-09,68047211365,1
2022-12-12,66421429317,1
2022-12-13,53993635278,1
2022-12-14,57281260470,1
2022-12-15,54295121687,1
2022-12-16,49518019547,1
2022-12-19,52776671530,1
2022-12-20,41295745627,1
2022-12-21,34764079028,-1
2022-12-22,42011666827,-1
2022-12-23,35836602358,-1
2022-12-26,41767320541,-1
2022-12-27,43843409149,-1
2022-12-28,38890878737,-1
2022-12-29,37651261957,-1
2022-12-30,33279126350,-1
2023-01-03,54115513318,-1
2023-01-04,50313725057,-1
2023-01-05,58915722339,-1
2023-01-06,56894846314,-1
2023-01-09,56889232660,-1
2023-01-10,52348317082,-1
2023-01-11,50814954797,-1
2023-01-12,46034999890,-1
2023-01-13,47663839613,-1
2023-01-16,68935125286,1
2023-01-17,49194058675,1
2023-01-18,43981678828,1
2023-01-19,51224272364,1
2023-01-20,55201515366,1
2023-01-30,91330517388,1
2023-01-31,68596308589,1
2023-02-01,80845814983,1
2023-02-02,80364496875,1
2023-02-03,69727710579,1
2023-02-06,67011216709,1
2023-02-07,64511502563,1
2023-02-08,59634289573,1
2023-02-09,69740506789,1
2023-02-10,67362675043,1
2023-02-13,75216459486,1
2023-02-14,69764055891,1
2023-02-15,75829430006,1
2023-02-16,95391720476,1
2023-02-17,64751763382,1
2023-02-20,74344077642,1
2023-02-21,72326335564,1
2023-02-22,59839260927,1
2023-02-23,61024241752,1
2023-02-24,55092755797,1
2023-02-27,54186147403,1
2023-02-28,55383543559,1
2023-03-01,74660963398,1
2023-03-02,73643608828,1
2023-03-03,68572212860,1
2023-03-06,75499043423,1
2023-03-07,71672990638,1
2023-03-08,54150772722,1
2023-03-09,57257120166,1
2023-03-10,59108096783,1
2023-03-13,64033195072,1
2023-03-14,73356470177,1
2023-03-15,63516736587,1
2023-03-16,63872015763,1
2023-03-17,77247055159,1
2023-03-20,81468924597,1
2023-03-21,67093895654,1
2023-03-22,76595630463,1
2023-03-23,86095310492,1
2023-03-24,89948560670,1
2023-03-27,96568001643,1
2023-03-28,79707329928,1
2023-03-29,79388921876,1
2023-03-30,77773743070,1
2023-03-31,75577023964,1
2023-04-03,111062999858,1
2023-04-04,113394133137,1
2023-04-06,111437537835,1
2023-04-07,94438852264,1
2023-04-10,106236725132,1
2023-04-11,85635102799,1
2023-04-12,98221075888,1
2023-04-13,92975016312,1
2023-04-14,92181358167,1
2023-04-17,90301595522,1
2023-04-18,87250705793,1
2023-04-19,92355614409,1
2023-04-20,96091742338,1
2023-04-21,96240013182,1
2023-04-24,80487251625,1
2023-04-25,81148812247,1
2023-04-26,83317687497,1
2023-04-27,73917027557,1
2023-04-28,83151905718,1
2023-05-04,91245881045,1
2023-05-05,79420936733,1
2023-05-08,88169915941,1
2023-05-09,98647260642,1
2023-05-10,75579491136,1
2023-05-11,64534502609,-1
2023-05-12,57847179779,-1
2023-05-15,68528285805,-1
2023-05-16,60449257223,-1
2023-05-17,55834141001,-1
2023-05-18,67253743589,-1
2023-05-19,61544367389,-1
2023-05-22,55523328453,-1
2023-05-23,51880228510,-1
2023-05-24,58298723899,-1
2023-05-25,60366928599,-1
2023-05-26,61376820684,-1
2023-05-29,65492273574,-1
2023-05-30,67903551944,-1
2023-05-31,64977731975,-1
2023-06-01,72802667631,-1
2023-06-02,65377814329,-1
2023-06-05,62280185823,-1
2023-06-06,63482544217,-1
2023-06-07,55685496061,-1
2023-06-08,56485774193,-1
2023-06-09,64075091320,-1
2023-06-12,67086373188,-1
2023-06-13,68137106576,-1
2023-06-14,72131115580,-1
2023-06-15,79653336170,1
2023-06-16,80107965020,1
2023-06-19,86430761234,1
2023-06-20,84431105874,1
2023-06-21,71714003432,1
2023-06-26,65394222202,1
2023-06-27,54124462832,1
2023-06-28,58348821338,1
2023-06-29,58897618428,1
2023-06-30,62749937117,1
2023-07-03,72866645436,1
2023-07-04,66797258159,1
2023-07-05,60858741042,1
2023-07-06,58241266523,1
2023-07-07,53107891104,1
2023-07-10,50384296898,1
2023-07-11,53372464496,1
2023-07-12,62434351321,1
2023-07-13,63384694139,1
2023-07-14,64983684208,1
2023-07-17,56766927046,1
2023-07-18,51329827181,1
2023-07-19,46067137033,1
2023-07-20,50549685092,1
2023-07-21,43187951421,1
2023-07-24,41144107379,1
2023-07-25,66305725805,1
2023-07-26,52809449898,1
2023-07-27,51504803125,1
2023-07-28,69434559970,1
2023-07-31,84837089696,1
2023-08-01,67398378954,1
2023-08-02,61024294327,1
2023-08-03,61938750478,1
2023-08-04,86321074806,1
2023-08-07,66731858990,1
2023-08-08,57611177054,1
2023-08-09,49238215402,1
2023-08-10,47820933192,1
2023-08-11,52814658666,1
2023-08-14,49032942027,1
2023-08-15,47077915778,1
2023-08-16,47069982224,1
2023-08-17,50637785122,1
2023-08-18,48496482135,1
2023-08-21,43178709558,1
2023-08-22,53977595581,1
2023-08-23,44289328706,1
2023-08-24,50433443635,1
2023-08-25,44276587305,1
2023-08-28,85601483294,1
2023-08-29,72950046572,1
2023-08-30,68486669155,1
2023-08-31,53709492667,1
2023-09-01,48963978188,1
2023-09-04,60650452778,1
2023-09-05,55304201559,1
2023-09-06,53706094759,1
2023-09-07,50599139809,1
2023-09-08,46231342960,1
2023-09-11,85804238540,1
2023-09-12,62340889329,1
2023-09-13,58578584002,1
2023-09-14,51852140556,1
2023-09-15,57911349255,1
2023-09-18,53842331539,1
2023-09-19,46098864808,1
2023-09-20,41302915809,1
2023-09-21,42338742565,1
2023-09-22,62418979314,1
2023-09-25,57535070630,1
2023-09-26,51571008124,1
2023-09-27,57888566209,1
2023-09-28,52340923542,1
2023-10-09,66954206452,1
2023-10-10,63695582755,1
2023-10-11,65933082390,1
2023-10-12,69160254161,1
2023-10-13,65564521799,1
2023-10-16,65760202518,1
2023-10-17,57894914826,1
2023-10-18,60803209325,1
2023-10-19,66069319841,1
2023-10-20,53984968098,1
2023-10-23,56655025062,1
2023-10-24,60381368655,1
2023-10-25,66610128669,1
2023-10-26,64323547521,1
2023-10-27,75879274981,1
2023-10-30,85654138188,1
2023-10-31,72452805574,1
2023-11-01,62675950859,1
2023-11-02,56402979023,1
2023-11-03,62095979523,1
2023-11-06,94552353339,1
2023-11-07,86429330543,1
2023-11-08,90739598054,1
2023-11-09,79806264572,1
2023-11-10,68559046498,1
2023-11-13,72544440115,1
2023-11-14,78657501593,1
2023-11-15,90153869922,1
2023-11-16,70599493118,1
2023-11-17,65816549312,1
2023-11-20,78890789043,1
2023-11-21,82435549598,1
2023-11-22,69550347808,1
2023-11-23,64680641512,1
2023-11-24,58648804307,1
2023-11-27,60603694908,1
2023-11-28,57264338158,1
2023-11-29,59737698107,1
2023-11-30,54071447043,1
2023-12-01,62995436191,1
2023-12-04,65063558822,1
2023-12-05,60234205383,1
2023-12-06,58030522374,1
2023-12-07,58191208158,1
2023-12-08,64635227314,1
2023-12-11,69811128719,1
2023-12-12,61367151223,1
2023-12-13,58463498440,1
2023-12-14,53862542715,1
2023-12-15,54012738169,1
2023-12-18,47382036575,1
2023-12-19,46357670470,-1
2023-12-20,45038038662,-1
2023-12-21,54088674095,-1
2023-12-22,54925810012,-1
2023-12-25,41789726577,-1
2023-12-26,42132169615,-1
2023-12-27,43487043179,-1
2023-12-28,71766264988,-1
2023-12-29,59944249471,-1
2024-01-02,58904082912,-1
2024-01-03,52487494504,-1
2024-01-04,46661696385,-1
2024-01-05,49023501718,-1
2024-01-08,45201082911,-1
2024-01-09,44356345881,-1
2024-01-10,42306648706,-1
2024-01-11,51404545179,-1
2024-01-12,45115855728,-1
2024-01-15,40264071159,-1
2024-01-16,45214533780,-1
2024-01-17,44774331590,-1
2024-01-18,59345144052,-1
2024-01-19,42461661745,-1
2024-01-22,49714434875,-1
2024-01-23,47740032359,-1
2024-01-24,56445842676,-1
2024-01-25,73294207839,1
2024-01-26,62197543587,1
2024-01-29,59003469205,1
2024-01-30,43959043664,1
2024-01-31,47473397573,1
2024-02-01,42609302395,1
2024-02-02,50044525584,1
2024-02-05,49476741265,1
2024-02-06,57140066625,1
2024-02-07,59994025772,1
2024-02-08,65828001076,1
2024-02-19,79371937977,1
2024-02-20,65333859637,1
2024-02-21,90147312150,1
2024-02-22,73300648923,1
2024-02-23,81789704732,1
2024-02-26,88366900022,1
2024-02-27,95368394010,1
2024-02-28,122821111694,1
2024-02-29,94367404246,1
2024-03-01,101637631700,1
2024-03-04,104129426801,1
2024-03-05,94325887571,1
2024-03-06,87784496336,1
2024-03-07,87575163064,1
2024-03-08,76813545357,1
2024-03-11,97592802823,1
2024-03-12,109122318303,1
2024-03-13,101253194014,1
2024-03-14,89953191756,1
2024-03-15,84092175603,1
2024-03-18,113914602828,1
2024-03-19,99458696478,1
2024-03-20,92437755262,1
2024-03-21,98270017642,1
2024-03-22,97374889576,1
2024-03-25,85846629922,1
2024-03-26,76460473376,1
2024-03-27,68231538418,-1
2024-03-28,79130030928,-1
2024-03-29,72762278405,-1
2024-04-01,93067117130,-1
2024-04-02,81537680380,-1
2024-04-03,74187794826,-1
2024-04-08,77018065696,-1
2024-04-09,62441438431,-1
2024-04-10,64758491027,-1
2024-04-11,63977079894,-1
2024-04-12,64686944059,-1
2024-04-15,75619774904,-1
2024-04-16,68593573795,-1
2024-04-17,74069209873,-1
2024-04-18,79457396923,-1
2024-04-19,71166881500,-1
2024-04-22,64812864661,-1
2024-04-23,58816274341,-1
2024-04-24,64087928293,-1
2024-04-25,62356636018,-1
2024-04-26,94769019125,1
2024-04-29,109453656513,1
2024-04-30,82388832222,1
2024-05-06,101460548358,1
2024-05-07,84188984459,1
2024-05-08,73493610772,1
2024-05-09,77773028171,1
2024-05-10,76615233827,1
2024-05-13,74599953725,1
2024-05-14,68699615235,1
2024-05-15,67996419339,1
2024-05-16,73905957525,1
2024-05-17,76637895623,1
2024-05-20,88544448950,1
2024-05-21,68333281965,1
2024-05-22,73549356572,1
2024-05-23,72409450550,1
2024-05-24,62696159173,1
2024-05-27,61244608073,1
2024-05-28,59662232622,1
2024-05-29,56866467546,1
2024-05-30,59628940718,1
2024-05-31,54739780936,1
2024-06-03,64156902791,1
2024-06-04,56534975792,1
2024-06-05,54824349011,1
2024-06-06,67155705337,1
2024-06-07,55036928039,1
2024-06-11,58625308281,1
2024-06-12,56449875493,1
2024-06-13,62492878286,1
2024-06-14,63146738262,1
2024-06-17,60316666169,1
2024-06-18,64512867059,1
2024-06-19,58875856973,1
2024-06-20,59520019133,1
2024-06-21,47158499867,-1
2024-06-24,51822785691,-1
2024-06-25,48359623871,-1
2024-06-26,52129087734,-1
2024-06-27,45729000329,-1
2024-06-28,55187858103,-1
2024-07-01,54066445984,-1
2024-07-02,49668991440,-1
2024-07-03,44527735611,-1
2024-07-04,43729765182,-1
2024-07-05,43419613038,-1
2024-07-08,42836731075,-1
2024-07-09,59623986847,-1
2024-07-10,54393341916,-1
2024-07-11,68054273055,-1
2024-07-12,55618196050,-1
2024-07-15,46409457461,-1
2024-07-16,53789471605,-1
2024-07-17,53780403908,-1
2024-07-18,53162362902,-1
2024-07-19,53863870995,-1
2024-07-22,55257172709,-1
2024-07-23,52426006143,-1
2024-07-24,45673168506,-1
2024-07-25,45429839905,-1
2024-07-26,46775708193,-1
2024-07-29,46247129547,-1
2024-07-30,47142458040,-1
2024-07-31,79235759851,1
2024-08-01,65558241217,1
2024-08-02,58223509124,1
2024-08-05,61462457336,1
2024-08-06,53177982964,1
2024-08-07,45662768697,1
2024-08-08,46958250478,1
2024-08-09,42353317148,1
2024-08-12,34516828728,1
2024-08-13,36229262100,1
2024-08-14,35863841952,1
2024-08-15,45269769875,1
2024-08-16,43428441144,1
2024-08-19,43450857986,1
2024-08-20,41683731472,1
2024-08-21,35397167489,1
2024-08-22,39274176107,1
2024-08-23,34726031957,1
2024-08-26,38336656963,1
2024-08-27,36041497860,1
2024-08-28,35373963130,1
2024-08-29,47179860756,1
2024-08-30,69900633394,1
2024-09-02,52607138098,1
2024-09-03,42225907697,1
2024-09-04,41386342694,1
2024-09-05,39762351425,1
2024-09-06,41526450804,1
2024-09-09,37862302876,1
2024-09-10,39678150572,1
2024-09-11,36269991333,1
2024-09-12,38685426315,1
2024-09-13,35758138341,1
2024-09-18,36019331474,1
2024-09-19,51230367187,1
2024-09-20,42249213822,1
2024-09-23,41681383507,1
2024-09-24,83643670923,1
2024-09-25,100530377843,1
2024-09-26,107920838069,1
2024-09-27,151630850614,1
2024-09-30,284227696790,1
2024-10-08,405475913286,1
2024-10-09,330803979221,1
2024-10-10,210899054229,1
2024-10-11,153272485805,1
2024-10-14,154438028999,1
2024-10-15,156160228723,1
2024-10-16,127020649825,1
2024-10-17,142461366340,1
2024-10-18,224389157352,1
2024-10-21,236077069405,1
2024-10-22,188975478641,1
2024-10-23,197933666130,1
2024-10-24,144765004869,1
2024-10-25,180257700996,1
2024-10-28,181830390298,1
2024-10-29,201029382778,1
2024-10-30,177240323748,1
2024-10-31,224225757823,1
2024-11-01,209151406144,1
2024-11-04,167374774271,1
2024-11-05,257077768022,1
2024-11-06,288175472293,1
2024-11-07,275445840728,1
2024-11-08,299031758190,1
2024-11-11,283977481720,1
2024-11-12,265866856100,1
2024-11-13,208175185302,1
2024-11-14,179281073217,1
2024-11-15,175067020983,1
2024-11-18,158281976394,1
2024-11-19,143102449254,1
2024-11-20,152805797198,1
2024-11-21,152431334904,1
2024-11-22,164243137973,1
2024-11-25,128976709828,1
2024-11-26,107432518844,1
2024-11-27,132877673942,1
2024-11-28,134812051642,1
2024-11-29,168871072539,1
2024-12-02,172886759418,1
2024-12-03,157623393781,1
2024-12-04,149501218713,1
2024-12-05,140217474093,1
2024-12-06,171575591602,1
2024-12-09,149031144431,1
2024-12-10,229411181299,1
2024-12-11,164729806854,1
2024-12-12,174812918146,1
2024-12-13,173998374641,1
2024-12-16,141963990785,1
2024-12-17,128668463042,1
2024-12-18,120642176352,1
2024-12-19,133085474168,1
2024-12-20,150838431735,1
2024-12-23,138084832023,1
2024-12-24,122191746540,1
2024-12-25,123708847977,1
2024-12-26,130299462362,1
2024-12-27,143326831511,1
2024-12-30,120092513789,1
2024-12-31,121943674163,1
2025-01-02,122292657132,1
2025-01-03,98752660506,1
2025-01-06,79429635004,1
2025-01-07,92505920750,1
2025-01-08,105979321764,1
2025-01-09,96381299503,1
2025-01-10,96389135187,1
2025-01-13,78669306456,1
2025-01-14,132963807653,1
2025-01-15,105006449113,1
2025-01-16,119430218362,1
2025-01-17,103032711312,1
2025-01-20,111381798842,1
2025-01-21,117456491427,1
2025-01-22,106653751873,1
2025-01-23,132721872985,1
2025-01-24,112964652266,1
2025-01-27,95240181528,1
2025-02-05,130912107661,1
2025-02-06,159393777495,1
2025-02-07,205525623667,1
2025-02-10,174283656032,1
2025-02-11,157467811672,1
2025-02-12,171679783575,1
2025-02-13,179397043148,1
2025-02-14,170377272127,1
2025-02-17,200738808541,1
2025-02-18,170998631956,1
2025-02-19,175283172491,1
2025-02-20,172993719863,1
2025-02-21,235482052126,1
2025-02-24,216701713541,1
2025-02-25,193713244030,1
2025-02-26,202652131918,1
2025-02-27,201159518379,1
2025-02-28,168724563955,1
2025-03-03,146051532247,1
2025-03-04,133019838563,1
2025-03-05,138137361365,1
2025-03-06,201805316965,1
2025-03-07,176854876627,1
2025-03-10,146258534765,1
2025-03-11,145881077725,1
2025-03-12,170905606131,1
2025-03-13,149695696021,1
2025-03-14,180362716841,1
2025-03-17,153818175776,1
2025-03-18,153375059813,1
2025-03-19,140376085110,1
2025-03-20,135807946090,1
2025-03-21,136901307103,1
2025-03-24,121563955723,1
2025-03-25,109895966514,1
2025-03-26,102167410614,1
2025-03-27,104858680281,1
2025-03-28,99249449027,1
2025-03-31,105660115015,1
2025-04-01,100192946053,1
2025-04-02,86393007856,1
2025-04-03,101301786689,1
2025-04-07,129676008595,1
2025-04-08,116024551937,1
2025-04-09,142708739813,1
2025-04-10,145836265837,1
2025-04-11,123754056812,1
2025-04-14,117895724994,1
2025-04-15,89716181260,1
2025-04-16,90003125539,1
2025-04-17,86060636172,1
2025-04-18,75306595764,1
2025-04-21,96194644511,1
2025-04-22,94613057096,1
2025-04-23,112884419097,1
2025-04-24,93439867895,1
2025-04-25,98769787665,1
2025-04-28,89840393456,1
2025-04-29,86891426970,1
2025-04-30,97876020381,1
